name,PH,SS,T-N,T-P,CHL-A,date,COD,TOC,DO,EC (MS/CM),NH3-N (MG/L),수온
만석거저수지,7.65,7.6,5.424,0.059,31.7,2015-01-01,6.8,,,,,
서호저수지,8.66,22.0,10.434,0.149,89.3,2015-01-01,10.8,,,,,
일월저수지,9.66,14.4,5.48,0.23,118.1,2015-01-01,12.0,,,,,
신대저수지,7.66,5.6,2.182,0.066,31.5,2015-01-01,9.6,,,,,
원천저수지,8.04,3.6,1.001,0.012,8.5,2015-01-01,4.7,,,,,
만석거저수지,8.22,6.4,4.17,0.038,23.6,2015-02-01,5.8,,,,,
서호저수지,7.62,18.4,11.442,0.116,46.7,2015-02-01,8.9,,,,,
일월저수지,9.19,17.2,8.492,0.367,121.7,2015-02-01,12.7,,,,,
신대저수지,7.85,0.8,2.212,0.012,8.1,2015-02-01,4.6,,,,,
원천저수지,7.02,0.8,2.042,,3.0,2015-02-01,3.4,,,,,
만석거저수지,7.8,10.7,2.235,0.032,15.6,2015-03-01,7.1,,,,,
서호저수지,8.1,21.0,5.696,0.102,52.4,2015-03-01,11.2,,,,,
일월저수지,8.7,17.0,5.486,0.282,85.7,2015-03-01,13.1,,,,,
신대저수지,7.8,6.3,1.287,0.012,13.4,2015-03-01,5.9,,,,,
원천저수지,8.0,5.0,0.896,0.016,6.9,2015-03-01,5.0,,,,,
만석거저수지,8.3,8.7,1.536,0.057,26.7,2015-04-01,7.3,,,,,
서호저수지,8.3,22.5,4.691,0.107,83.2,2015-04-01,11.1,,,,,
일월저수지,9.5,16.0,1.659,0.228,72.4,2015-04-01,15.1,,,,,
신대저수지,8.0,4.3,1.007,0.024,8.6,2015-04-01,6.1,,,,,
원천저수지,8.1,6.0,0.746,0.037,15.3,2015-04-01,6.1,,,,,
만석거저수지,8.5,11.0,0.787,0.057,40.5,2015-05-01,7.7,,,,,
서호저수지,8.3,22.5,4.691,0.107,83.2,2015-05-01,11.1,,,,,
일월저수지,9.5,16.0,1.659,0.228,72.4,2015-05-01,15.1,,,,,
신대저수지,8.6,13.0,0.402,0.025,28.0,2015-05-01,8.8,,,,,
원천저수지,7.8,6.3,0.462,0.024,8.9,2015-05-01,5.8,,,,,
만석거저수지,8.3,31.0,0.792,0.099,143.4,2015-06-01,17.5,,,,,
서호저수지,8.7,24.0,3.77,0.092,67.6,2015-06-01,12.8,,,,,
일월저수지,7.9,32.0,5.057,0.209,126.6,2015-06-01,16.3,,,,,
신대저수지,8.7,11.3,0.373,0.009,10.8,2015-06-01,8.0,,,,,
원천저수지,8.3,31.0,0.437,0.018,29.6,2015-06-01,15.8,,,,,
만석거저수지,7.8,8.7,0.477,0.052,28.8,2015-07-01,7.7,,,,,
서호저수지,9.8,47.0,3.459,0.154,218.1,2015-07-01,28.5,,,,,
일월저수지,9.1,51.0,3.537,0.255,198.8,2015-07-01,24.7,,,,,
신대저수지,7.7,14.4,0.38,0.027,17.4,2015-07-01,8.1,,,,,
원천저수지,8.3,31.0,0.437,0.018,29.6,2015-07-01,15.8,,,,,
만석거저수지,7.8,15.0,0.824,0.084,155.5,2015-08-01,11.4,,,,,
서호저수지,8.3,32.5,3.611,0.0198,122.4,2015-08-01,17.7,,,,,
일월저수지,7.8,19.7,1.925,0.137,143.1,2015-08-01,14.2,,,,,
신대저수지,8.5,8.6,0.497,0.038,21.3,2015-08-01,8.2,,,,,
원천저수지,8.2,5.0,0.328,0.033,8.9,2015-08-01,6.5,,,,,
만석거저수지,8.1,10.0,0.43,0.046,57.5,2015-09-01,7.7,,,,,
서호저수지,8.2,44.0,4.74,0.152,165.5,2015-09-01,20.4,,,,,
일월저수지,8.8,51.0,1.831,0.135,212.5,2015-09-01,28.7,,,,,
신대저수지,8.4,6.2,0.39,0.028,15.9,2015-09-01,7.0,,,,,
원천저수지,8.1,6.4,0.322,0.024,10.9,2015-09-01,6.4,,,,,
만석거저수지,8.1,13.3,0.351,0.024,57.7,2015-10-01,8.9,,,,,
서호저수지,9.1,30.5,5.014,0.345,181.4,2015-10-01,18.1,,,,,
일월저수지,9.3,24.0,2.457,0.108,102.6,2015-10-01,18.5,,,,,
신대저수지,8.9,3.6,0.346,0.013,9.3,2015-10-01,5.8,,,,,
원천저수지,8.4,7.0,0.175,0.003,8.8,2015-10-01,5.6,,,,,
만석거저수지,7.5,12.3,0.35,0.026,40.6,2015-11-01,7.3,,,,,
서호저수지,8.4,17.3,4.561,0.078,60.3,2015-11-01,8.6,,,,,
일월저수지,8.6,33.2,2.248,0.207,164.3,2015-11-01,22.4,,,,,
신대저수지,7.3,7.3,0.788,0.008,16.4,2015-11-01,6.5,,,,,
원천저수지,7.7,8.5,0.27,0.007,16.3,2015-11-01,5.3,,,,,
만석거저수지,8.02,11.87,1.53,0.05,53.49,2015-12-01,8.49,,,,,
서호저수지,8.4,25.79,5.71,0.13,99.84,2015-12-01,13.98,,,,,
일월저수지,8.99,26.27,3.87,0.23,137.43,2015-12-01,18.15,,,,,
신대저수지,8.08,7.27,0.89,0.02,16.08,2015-12-01,7.06,,,,,
원천저수지,7.99,9.58,0.58,0.02,14.28,2015-12-01,7.47,,,,,
만석거저수지,8.0,4.0,1.217,0.029,15.0,2016-01-01,5.0,6.6,,,,
서호저수지,8.0,6.6,9.668,0.064,24.1,2016-01-01,6.6,8.0,,,,
일월저수지,8.1,12.2,4.1,0.204,80.7,2016-01-01,12.4,12.4,,,,
신대저수지,7.5,6.2,1.152,0.047,18.3,2016-01-01,5.7,6.6,,,,
원천저수지,7.4,4.0,1.098,0.027,12.2,2016-01-01,5.8,8.6,,,,
만석거저수지,7.9,0.4,2.524,0.018,4.7,2016-02-01,3.9,3.7,,,,
서호저수지,7.9,8.4,5.71,0.049,30.7,2016-02-01,7.0,5.9,,,,
일월저수지,7.5,1.2,9.422,0.032,4.5,2016-02-01,8.0,8.4,,,,
신대저수지,8.0,7.2,0.989,0.021,9.7,2016-02-01,5.4,4.0,,,,
원천저수지,8.0,8.0,0.601,0.016,1.3,2016-02-01,4.5,4.7,,,,
만석거저수지,7.6,6.4,3.17,0.05,11.7,2016-03-01,5.2,5.3,,,,
서호저수지,8.4,14.4,11.112,0.144,49.5,2016-03-01,7.9,4.9,,,,
일월저수지,9.0,13.2,5.445,0.128,36.6,2016-03-01,10.5,9.9,,,,
신대저수지,7.7,7.2,1.237,0.028,14.2,2016-03-01,4.6,3.9,,,,
원천저수지,7.9,6.0,1.025,0.039,18.6,2016-03-01,4.6,4.9,,,,
오목천소류지,7.8,11.2,1.367,0.02,10.9,2016-03-01,3.8,4.5,,,,
만석거저수지,7.4,10.0,8.693,0.073,38.6,2016-04-01,6.3,6.0,,,,
서호저수지,7.9,8.0,8.138,0.094,35.6,2016-04-01,9.6,5.5,,,,
일월저수지,8.9,6.4,9.173,0.103,17.3,2016-04-01,11.2,10.4,,,,
신대저수지,7.7,7.2,1.237,0.028,14.2,2016-04-01,4.6,3.9,,,,
원천저수지,7.9,8.0,8.363,0.027,19.5,2016-04-01,5.4,4.5,,,,
오목천소류지,8.2,4.8,1.356,0.012,3.1,2016-04-01,5.0,5.4,,,,
만석거저수지,8.1,19.6,7.3,0.027,41.2,2016-05-01,8.2,4.2,,,,
서호저수지,9.0,16.8,10.9,0.017,69.2,2016-05-01,11.4,5.4,,,,
일월저수지,10.1,22.0,3.8,0.309,12.1,2016-05-01,20.8,7.3,,,,
원천저수지,8.0,6.8,1.3,0.058,20.5,2016-05-01,5.6,4.4,,,,
신대저수지,7.9,0.8,1.8,0.023,21.0,2016-05-01,4.4,4.2,,,,
오목천소류지,7.8,2.0,0.4,0.025,22.0,2016-05-01,5.4,5.0,,,,
만석거저수지,7.3,12.8,11.9,0.092,31.7,2016-06-01,8.7,4.2,,,,
서호저수지,8.7,6.0,11.0,0.058,12.1,2016-06-01,7.8,4.9,,,,
일월저수지,9.0,55.3,1.4,0.686,219.0,2016-06-01,29.7,8.9,,,,
원천저수지,7.9,6.4,1.0,0.043,21.2,2016-06-01,6.3,5.3,,,,
신대저수지,7.8,9.6,4.0,0.068,32.5,2016-06-01,6.8,4.8,,,,
오목천소류지,7.5,11.6,0.7,0.029,5.3,2016-06-01,4.3,3.0,,,,
만석거저수지,7.2,12.4,1.4,0.126,126.2,2016-07-01,8.4,3.4,,,,
서호저수지,8.6,28.0,4.2,0.367,230.9,2016-07-01,13.3,5.3,,,,
일월저수지,9.9,35.0,4.0,0.599,215.1,2016-07-01,24.7,6.9,,,,
원천저수지,9.1,9.6,0.6,0.04,61.1,2016-07-01,6.0,4.3,,,,
신대저수지,9.1,4.8,0.8,0.036,16.9,2016-07-01,5.8,4.4,,,,
오목천소류지,8.4,9.2,0.3,0.031,6.1,2016-07-01,3.6,3.6,,,,
만석거저수지,7.4,2.4,0.6,0.046,34.8,2016-08-01,5.9,3.8,,,,
서호저수지,7.5,31.3,5.9,0.338,238.6,2016-08-01,16.3,6.8,,,,
일월저수지,7.4,6.8,1.5,0.218,42.6,2016-08-01,10.1,5.6,,,,
원천저수지,7.7,6.8,0.8,0.053,15.6,2016-08-01,6.0,2.5,,,,
신대저수지,7.6,3.2,0.4,0.047,6.4,2016-08-01,6.7,3.3,,,,
오목천소류지,7.8,6.0,0.3,0.038,11.9,2016-08-01,6.1,3.1,,,,
만석거저수지,7.3,6.8,0.7,0.079,38.7,2016-09-01,7.6,3.0,,,,
서호저수지,10.1,46.0,7.3,0.256,242.0,2016-09-01,25.3,7.0,,,,
일월저수지,10.9,1385.7,98.8,6.825,3249.0,2016-09-01,680.0,24.1,,,,
원천저수지,8.7,8.0,0.6,0.047,30.9,2016-09-01,6.2,3.1,,,,
신대저수지,8.9,7.2,0.5,0.043,17.8,2016-09-01,6.6,4.2,,,,
오목천소류지,8.8,9.2,0.5,0.036,8.0,2016-09-01,7.8,4.5,,,,
만석거저수지,7.7,15.6,1.6,0.104,82.9,2016-10-01,11.0,4.6,,,,
서호저수지,8.8,16.0,6.3,0.214,85.8,2016-10-01,13.0,6.2,,,,
일월저수지,8.7,41.4,4.3,0.372,210.3,2016-10-01,22.5,9.2,,,,
원천저수지,7.6,8.0,0.9,0.047,13.8,2016-10-01,5.0,3.9,,,,
신대저수지,7.4,6.4,0.4,0.043,20.3,2016-10-01,5.6,4.3,,,,
오목천소류지,8.0,7.2,0.5,0.028,5.7,2016-10-01,5.2,4.5,,,,
만석거저수지,7.9,10.8,0.7,0.065,34.2,2016-11-01,6.4,2.9,,,,
서호저수지,8.2,11.2,7.7,0.086,42.7,2016-11-01,8.6,3.7,,,,
일월저수지,9.3,16.4,2.5,0.244,98.0,2016-11-01,16.1,5.8,,,,
원천저수지,7.8,5.0,1.0,0.031,10.2,2016-11-01,4.6,2.7,,,,
신대저수지,7.7,5.0,0.7,0.029,29.9,2016-11-01,5.0,3.9,,,,
오목천소류지,7.6,1.2,0.4,0.023,4.4,2016-11-01,5.4,3.7,,,,
만석거저수지,7.2,10.4,0.7,0.05,18.2,2016-12-01,5.8,2.2,,,,
서호저수지,8.0,3.0,7.4,0.102,22.1,2016-12-01,7.8,3.9,,,,
일월저수지,8.9,14.4,2.1,0.203,40.5,2016-12-01,13.2,6.4,,,,
원천저수지,7.7,0.6,0.9,0.9,9.1,2016-12-01,4.6,0.036,,,,
신대저수지,7.7,3.2,0.5,0.5,10.3,2016-12-01,3.2,0.031,,,,
오목천소류지,7.8,2.2,0.4,0.4,3.2,2016-12-01,5.1,0.025,,,,
만석거소류지,7.6,4.000000000000057,1.1303597122302158,0.0201015228426396,0.0,2017-01-01,4.4,2.0,,,,
만석거소류지,7.6,2.0,1.4170629370629368,0.0230357142857143,2.2,2017-02-01,4.8,2.448,,,,
만석거소류지,8.1,5.599999999999965,1.6455546935608996,0.0264154685176003,0.5,2017-03-01,4.2,2.417,,,,
만석거소류지,7.8,10.39999999999998,1.707,0.037,2.5,2017-04-01,6.6,2.894,,,,
만석거소류지,8.4,11.199999999999989,1.209,0.08,1.0,2017-05-01,6.6,1.996,,,,
만석거소류지,7.6,14.0,0.87,0.051,0.0,2017-06-01,4.395,4.3,,,,
만석거소류지,7.2,5.999999999999943,3.093,0.131,8.6,2017-07-01,7.2,6.795,,,,
만석거소류지,7.5,10.0,1.625,0.075,2.6,2017-08-01,7.3,2.109,,,,
만석거소류지,7.9,7.0,1.06,0.039,3.6,2017-09-01,3.8,2.1,,,,
만석거소류지,7.7,12.5,2.414,0.154,10.4,2017-10-01,6.0,2.163,,,,
만석거소류지,8.1,11.000000000000014,0.817,0.029,5.5,2017-11-01,5.6,2.009,,,,
만석거소류지,7.9,2.0,1.52,0.028,3.0,2017-12-01,4.6,2.389,,,,
하광교저수지,7.9,5.999999999999943,1.717410071942446,0.0054822335025381,0.0,2017-01-01,3.4000000000000004,1.5,,,,
하광교저수지,7.7,1.6000000000000227,1.624055944055944,0.0176785714285714,0.0,2017-02-01,2.4,4.368,,,,
하광교저수지,7.8,1.6000000000000227,1.2753488372093025,0.0207348560079444,0.0,2017-03-01,3.4,1.966,,,,
하광교저수지,7.8,2.5999999999999948,1.592,0.016,0.4,2017-04-01,4.6,2.339,,,,
하광교저수지,8.2,0.3999999999999772,1.457,0.007,0.0,2017-05-01,3.4,1.455,,,,
하광교저수지,8.2,2.400000000000034,1.829,0.058,0.1,2017-06-01,6.4,4.6,,,,
하광교저수지,7.5,0.3333333333333144,2.606,0.022,0.3,2017-07-01,5.8,5.641,,,,
하광교저수지,7.6,1.1999999999999886,0.995,,0.5,2017-08-01,3.0,1.508,,,,
하광교저수지,8.1,0.4,0.82,0.006,0.4,2017-09-01,5.4,1.5,,,,
하광교저수지,8.0,2.999999999999972,0.542,,1.4,2017-10-01,4.2,1.749,,,,
하광교저수지,8.0,1.1999999999999886,0.495,0.017,0.9,2017-11-01,3.8,1.81,,,,
하광교저수지,8.2,1.1999999999999886,0.526,0.003,0.7,2017-12-01,3.2,1.965,,,,
오목천소류지,7.2,8.0,1.5426168224299064,0.0899999999999999,5.2,2017-01-01,15.2,4.4,,,,
오목천소류지,7.7,20.999999999999947,1.7721565059144675,0.1093222969477495,10.6,2017-02-01,9.4,5.612,,,,
오목천소류지,7.8,6.7999999999999545,1.2418604651162788,0.09759682224429,2.0,2017-03-01,14.6,8.481,,,,
오목천소류지,8.3,9.599999999999966,1.354,0.069,2.1,2017-04-01,15.6,9.801,,,,
오목천소류지,7.6,16.799999999999958,2.055,0.198,1.0,2017-05-01,18.0,9.197,,,,
오목천소류지,7.6,12.999999999999972,4.948,0.074,6.4,2017-06-01,30.7,27.5,,,,
오목천소류지,7.2,13.999999999999911,2.748,0.232,6.2,2017-07-01,34.0,27.12,,,,
오목천소류지,7.9,13.999999999999911,4.907,0.975,7.7,2017-08-01,41.0,27.3,,,,
오목천소류지,7.3,6.0,8.2,0.745,3.6,2017-09-01,25.3,17.4,,,,
오목천소류지,7.6,33.333333333333336,1.22,0.293,13.0,2017-10-01,26.7,14.9,,,,
오목천소류지,7.8,8.000000000000114,1.36,0.119,3.4,2017-11-01,16.8,7.35,,,,
오목천소류지,7.8,10.0,0.988,0.188,0.2,2017-12-01,13.7,7.1,,,,
일월저수지(방류),8.6,18.0,3.9769784172661855,0.0858883248730965,50.5,2017-01-01,16.4,5.4,,,,
일월저수지(방류),6.9,2.0000000000000284,10.05095541401274,0.0460010346611484,0.0,2017-02-01,7.4,4.333,,,,
일월저수지(방류),6.9,4.333333333333324,7.963648453951014,0.1299355478433316,0.0,2017-03-01,7.6,4.345,,,,
일월저수지(방류),7.1,3.5999999999999948,8.146,0.031,0.4,2017-04-01,7.2,3.923,,,,
일월저수지(방류),7.8,1.6000000000000227,8.288,0.042,0.0,2017-05-01,6.2,3.47,,,,
일월저수지(방류),7.6,0.8000000000000114,7.43,0.012,14.2,2017-06-01,4.8,6.0,,,,
일월저수지(방류),6.8,0.4000000000000341,6.07,0.91,0.3,2017-07-01,6.0,6.96,,,,
일월저수지(방류),7.6,0.3999999999999772,6.636,0.016,0.7,2017-08-01,4.6,2.576,,,,
일월저수지(방류),7.4,0.4,7.21,0.016,0.1,2017-09-01,4.8,3.1,,,,
일월저수지(방류),6.9,1.9999999999999567,10.355,0.021,0.4,2017-10-01,5.2,3.4,,,,
일월저수지(방류),7.4,0.3999999999999772,9.312,0.048,,2017-11-01,5.4,3.194,,,,
일월저수지(방류),7.4,0.8000000000000114,9.144,0.007,0.1,2017-12-01,5.4,3.326,,,,
서호저수지(유입),7.9,8.0,10.938584779706275,0.0719639278557113,6.1,2017-01-01,8.5,4.5,,,,
서호저수지(유입),7.1,2.7999999999999545,8.603396603396602,0.0105357142857143,0.0,2017-02-01,7.5,4.16,,,,
서호저수지(유입),7.8,2.3999999999999773,8.402526875761941,0.0299851264253841,0.0,2017-03-01,7.0,4.149,,,,
서호저수지(유입),7.7,8.800000000000011,8.785,0.046,1.3,2017-04-01,7.8,4.071,,,,
서호저수지(유입),8.2,1.2000000000000457,7.274,0.029,0.1,2017-05-01,5.2,2.956,,,,
서호저수지(유입),7.9,1.2000000000000457,3.024,0.487,14.2,2017-06-01,4.8,5.8,,,,
서호저수지(유입),7.4,1.1999999999999886,4.878,0.388,0.2,2017-07-01,5.2,6.168,,,,
서호저수지(유입),7.8,1.0000000000000853,5.708,0.034,1.7,2017-08-01,5.2,2.523,,,,
서호저수지(유입),7.5,0.4,6.01,0.024,0.7,2017-09-01,4.6,2.8,,,,
서호저수지(유입),8.0,3.6000000000000227,8.422,0.036,0.8,2017-10-01,5.6,2.944,,,,
서호저수지(유입),7.8,0.4000000000000341,9.046,0.036,0.9,2017-11-01,5.6,3.11,,,,
서호저수지(유입),7.9,2.3999999999999773,7.906,0.02,1.3,2017-12-01,5.2,3.038,,,,
원천저수지(방류),8.0,5.0,1.0267625899280577,0.023756345177665,7.7,2017-01-01,6.75,2.8,,,,
원천저수지(방류),6.9,3.1999999999999886,0.7848951048951048,0.0266071428571428,6.9,2017-02-01,4.8,3.281,,,,
원천저수지(방류),7.4,4.0,0.817674418604651,0.0171598808341609,6.9,2017-03-01,4.8,2.73,,,,
원천저수지(방류),7.1,3.0,0.43,0.007,0.5,2017-04-01,5.0,2.821,,,,
원천저수지(방류),8.2,4.399999999999977,0.195,0.007,0.5,2017-05-01,4.2,1.729,,,,
원천저수지(방류),7.7,3.6000000000000227,0.38,0.017,4.3,2017-06-01,2.01,4.3,,,,
원천저수지(방류),7.6,1.2000000000000457,1.615,0.043,0.9,2017-07-01,2.8,4.588,,,,
원천저수지(방류),7.9,11.000000000000089,1.282,0.022,1.3,2017-08-01,4.0,1.918,,,,
원천저수지(방류),7.9,3.6,0.89,0.013,0.7,2017-09-01,3.4,1.7,,,,
원천저수지(방류),8.0,5.0,0.606,0.015,3.0,2017-10-01,3.6,1.904,,,,
원천저수지(방류),7.7,11.60000000000002,0.589,0.027,1.6,2017-11-01,4.2,1.893,,,,
원천저수지(방류),8.0,6.8000000000000105,0.835,0.014,0.6,2017-12-01,3.0,1.964,,,,
왕송저수지,8.1,15.0,4.299280575539568,0.1059898477157361,39.0,2017-01-01,13.7,5.2,,,,
왕송저수지,7.0,2.5,4.3681528662420375,0.0795240558717019,11.7,2017-02-01,9.0,4.835,,,,
왕송저수지,6.8,10.800000000000011,5.72723041117145,0.0638968765493306,42.2,2017-03-01,11.1,4.502,,,,
왕송저수지,7.6,14.0,5.493,0.041,5.1,2017-04-01,10.0,4.465,,,,
왕송저수지,8.5,9.199999999999989,2.799,0.075,1.9,2017-05-01,8.0,3.389,,,,
왕송저수지,7.6,26.40000000000004,2.31,0.105,3.9,2017-06-01,11.1,7.9,,,,
왕송저수지,7.6,18.0,2.598,0.129,14.3,2017-07-01,14.3,9.132,,,,
왕송저수지,7.8,7.999999999999972,1.45,0.06,7.2,2017-08-01,11.3,3.637,,,,
왕송저수지,7.6,14.0,2.01,0.064,6.4,2017-09-01,8.9,3.8,,,,
왕송저수지,6.8,22.00000000000003,2.028,0.098,12.9,2017-10-01,10.8,3.6,,,,
왕송저수지,7.5,5.999999999999943,1.637,0.109,10.5,2017-11-01,8.6,3.64,,,,
왕송저수지,7.7,8.800000000000011,2.887,0.045,9.5,2017-12-01,8.0,4.276,,,,
서호저수지(방류),7.9,6.0,9.216288384512684,0.0557314629258516,54.4,2017-01-01,11.200000000000005,9.5,,,,
서호저수지(방류),7.2,8.499999999999943,8.203796203796204,0.0533928571428571,38.1,2017-02-01,8.8,4.579,,,,
서호저수지(방류),7.7,6.8000000000000105,7.684362185525877,0.0514030738720872,18.6,2017-03-01,8.9,4.478,,,,
서호저수지(방류),7.8,13.199999999999989,7.415,0.109,5.3,2017-04-01,11.2,4.517,,,,
서호저수지(방류),8.4,11.199999999999989,6.268,0.066,0.5,2017-05-01,8.6,3.538,,,,
서호저수지(방류),7.8,11.60000000000002,3.616,0.194,3.8,2017-06-01,9.0,7.1,,,,
서호저수지(방류),7.4,4.0,4.008,0.284,3.5,2017-07-01,8.8,7.238,,,,
서호저수지(방류),7.9,11.000000000000089,3.904,0.085,3.7,2017-08-01,9.2,2.937,,,,
서호저수지(방류),7.7,16.0,4.06,0.074,5.7,2017-09-01,6.8,3.2,,,,
서호저수지(방류),8.3,22.00000000000003,6.286,0.086,18.9,2017-10-01,8.6,3.524,,,,
서호저수지(방류),8.0,6.000000000000085,7.098,0.042,12.2,2017-11-01,7.8,3.353,,,,
서호저수지(방류),8.1,15.0,6.984,0.064,19.0,2017-12-01,7.8,3.82,,,,
만석거저수지(방류),7.8,6.000000000000085,1.3951079136690645,0.0255837563451777,6.5,2017-01-01,7.5,2.5,,,,
만석거저수지(방류),7.3,1.599999999999966,1.4674125874125874,0.0319642857142857,2.7,2017-02-01,5.0,2.812,,,,
만석거저수지(방류),7.9,7.1999999999999895,1.6455546935608996,0.0210609816559245,1.1,2017-03-01,5.4,2.606,,,,
만석거저수지(방류),7.7,11.599999999999966,2.262,0.085,1.6,2017-04-01,7.4,3.153,,,,
만석거저수지(방류),8.2,8.0,0.931,0.052,1.2,2017-05-01,6.8,1.928,,,,
만석거저수지(방류),7.7,16.0,0.8,0.059,5.9,2017-06-01,8.985,4.5,,,,
만석거저수지(방류),7.2,6.0,2.636,0.097,4.3,2017-07-01,9.4,5.727,,,,
만석거저수지(방류),7.4,3.9999999999999134,1.406,0.043,3.3,2017-08-01,6.6,2.193,,,,
만석거저수지(방류),8.1,9.0,1.29,0.034,9.6,2017-09-01,6.0,2.5,,,,
만석거저수지(방류),7.8,17.99999999999997,0.992,0.047,11.1,2017-10-01,6.8,2.488,,,,
만석거저수지(방류),8.3,15.0,0.929,0.038,9.2,2017-11-01,7.8,2.696,,,,
만석거저수지(방류),7.9,4.8000000000000105,1.488,0.032,4.2,2017-12-01,6.2,2.986,,,,
신대저수지(방류),7.8,8.000000000000114,2.2261870503597123,0.0255837563451777,1.5,2017-01-01,6.75,2.9,,,,
신대저수지(방류),7.1,4.8000000000000105,1.7557109557109558,0.0283928571428571,2.1,2017-02-01,5.2,3.089,,,,
신대저수지(방류),7.5,1.6000000000000227,1.5116279069767442,0.0171598808341609,4.6,2017-03-01,4.6,2.686,,,,
신대저수지(방류),7.2,4.599999999999994,1.275,0.023,0.8,2017-04-01,5.0,3.013,,,,
신대저수지(방류),8.3,1.1999999999999886,1.058,0.008,0.1,2017-05-01,4.4,2.098,,,,
신대저수지(방류),7.9,0.4000000000000341,1.323,0.004,12.0,2017-06-01,1.6950000000000012,5.1,,,,
신대저수지(방류),7.7,2.800000000000012,1.008,0.022,1.2,2017-07-01,2.4,4.984,,,,
신대저수지(방류),8.0,5.0,1.148,0.018,3.1,2017-08-01,5.0,2.073,,,,
신대저수지(방류),8.0,4.8,1.25,0.014,3.3,2017-09-01,5.0,2.3,,,,
신대저수지(방류),7.9,5.0,1.319,0.012,3.1,2017-10-01,3.4,1.999,,,,
신대저수지(방류),7.6,6.0,1.286,0.033,2.1,2017-11-01,3.8,2.021,,,,
신대저수지(방류),8.0,5.1999999999999895,1.665,0.014,3.0,2017-12-01,3.6,2.193,,,,
하광교저수지,,,,,,2018-01-01,,,,,,
하광교저수지,7.9,5.6,0.5,0.012,0.6,2018-02-01,3.6,3.1,,,,
하광교저수지,7.3,3.2,0.4,0.01,1.4,2018-03-01,3.8,2.371,,,,
하광교저수지,7.6,0.4,0.828,0.005,2.7,2018-04-01,2.8000000000000007,1.84,,,,
하광교저수지,7.4,3.2,1.188,0.007,1.3,2018-05-01,3.2,1.642,,,,
하광교저수지,7.2,2.400000000000034,1.119,0.006,1.3393333333333337,2018-06-01,2.4000000000000004,1.719,,,,
하광교저수지,6.9,0.4,1.53,0.024,6.6,2018-07-01,3.2,1.5,,,,
하광교저수지,7.5,1.2,0.483,0.017,5.8,2018-08-01,4.0,2.512,,,,
하광교저수지,7.1,2.4,1.35,0.006,9.7,2018-09-01,7.799999999999999,5.578,,,,
하광교저수지,8.6,5.999999999999943,0.972,0.037,96.1,2018-10-01,10.0,1.21,,,,
하광교저수지,6.6,7.000000000000028,0.762,0.025,25.104,2018-11-01,10.2,6.618,,,,
하광교저수지,7.3,7.000000000000028,0.717,0.02,6.097999999999999,2018-12-01,9.2,6.655,,,,
일월저수지(방류),6.9,3.6,11.37,0.006,0.3,2018-01-01,6.6,3.8,,,,
일월저수지(방류),8.0,24.4,2.44,0.036,0.4,2018-02-01,18.0,10.2,,,,
일월저수지(방류),8.4,6.8,2.58,0.014,6.2,2018-03-01,8.4,4.337,,,,
일월저수지(방류),8.6,8.0,1.85,0.038,18.8,2018-04-01,8.2,4.469,,,,
일월저수지(방류),8.8,13.5,1.164,0.026,14.2,2018-05-01,6.0,4.893,,,,
일월저수지(방류),8.7,8.400000000000034,1.151,0.061,45.6592,2018-06-01,6.0,3.599,,,,
일월저수지(방류),8.0,11.5,1.59,0.088,7.5,2018-07-01,8.4,3.2,,,,
일월저수지(방류),8.9,19.0,1.095,0.135,21.3,2018-08-01,11.0,4.615,,,,
일월저수지(방류),9.7,20.0,2.258,0.093,48.0,2018-09-01,10.4,4.192,,,,
일월저수지(방류),8.6,20.0,1.871,0.114,92.5,2018-10-01,14.000000000000004,3.979,,,,
일월저수지(방류),8.4,14.499999999999956,2.042,0.086,36.167,2018-11-01,10.2,4.026,,,,
일월저수지(방류),7.5,11.999999999999886,2.306,0.019,25.948,2018-12-01,8.799999999999999,3.991,,,,
서호저수지(유입),8.1,2.4,8.69,0.01,0.6,2018-01-01,6.0,3.8,,,,
서호저수지(유입),7.7,2.8,7.28,0.071,0.9,2018-02-01,6.0,4.2,,,,
서호저수지(유입),7.2,3.2,4.3,0.021,1.0,2018-03-01,7.0,4.307,,,,
서호저수지(유입),7.3,2.8,7.05,0.028,11.7,2018-04-01,6.6,3.846,,,,
서호저수지(유입),7.3,3.6,3.826,0.021,3.1,2018-05-01,6.4,4.115,,,,
서호저수지(유입),7.4,5.1999999999999895,6.082,0.042,3.5600000000000005,2018-06-01,6.4,3.639,,,,
서호저수지(유입),7.5,4.4,6.7,0.204,2.1,2018-07-01,4.6,2.8,,,,
서호저수지(유입),7.4,5.6,4.96,0.053,10.2,2018-08-01,5.199999999999999,2.971,,,,
서호저수지(유입),7.3,4.0,4.889,0.141,4.9,2018-09-01,4.800000000000001,3.186,,,,
서호저수지(유입),7.4,3.599999999999966,7.934,0.092,7.9,2018-10-01,4.800000000000001,3.332,,,,
서호저수지(유입),7.5,3.1999999999999886,3.935,0.028,3.6053333333333337,2018-11-01,4.6000000000000005,4.308,,,,
서호저수지(유입),7.3,1.4999999999999858,5.476,0.032,5.108999999999999,2018-12-01,4.6000000000000005,2.989,,,,
원천저수지(방류),7.7,1.6,0.66,0.023,1.0,2018-01-01,2.6,1.7,,,,
원천저수지(방류),7.7,12.8,0.87,0.023,0.8,2018-02-01,4.4,2.9,,,,
원천저수지(방류),8.3,4.0,0.67,0.018,2.9,2018-03-01,3.6,2.468,,,,
원천저수지(방류),8.5,9.6,0.59,0.013,10.8,2018-04-01,5.8,2.724,,,,
원천저수지(방류),8.7,4.0,0.612,0.048,4.8,2018-05-01,5.0,2.462,,,,
원천저수지(방류),9.1,7.600000000000023,0.794,0.016,26.106400000000004,2018-06-01,3.8,2.899,,,,
원천저수지(방류),9.1,10.0,0.96,0.058,46.6,2018-07-01,7.0,2.5,,,,
원천저수지(방류),8.7,3.2,0.508,0.017,4.8,2018-08-01,3.8,2.183,,,,
원천저수지(방류),8.4,1.2,0.55,0.007,7.2,2018-09-01,3.2,2.144,,,,
원천저수지(방류),8.5,7.1999999999999895,0.59,0.027,6.0,2018-10-01,3.2,2.787,,,,
원천저수지(방류),7.2,7.142857142857143,0.722,0.028,5.1752,2018-11-01,3.2,2.028,,,,
원천저수지(방류),7.8,1.4999999999999858,0.88,0.046,17.368000000000002,2018-12-01,3.0,2.096,,,,
왕송저수지,,,,,,2018-01-01,,,,,,
왕송저수지,7.7,6.8,5.01,0.154,5.8,2018-02-01,8.0,4.6,,,,
왕송저수지,7.7,8.8,4.57,0.11,6.8,2018-03-01,8.0,4.284,,,,
왕송저수지,8.3,10.8,2.908,0.035,12.3,2018-04-01,7.0,3.681,,,,
왕송저수지,8.6,17.0,1.597,0.031,47.1,2018-05-01,6.6,4.436,,,,
왕송저수지,9.0,15.199999999999989,1.588,0.078,33.424800000000005,2018-06-01,5.6,4.243,,,,
왕송저수지,7.1,4.0,1.42,0.248,53.7,2018-07-01,6.2,3.3,,,,
왕송저수지,8.4,30.0,1.809,0.152,69.0,2018-08-01,10.0,5.581,,,,
왕송저수지,9.6,29.0,2.904,0.186,98.9,2018-09-01,13.333333333333336,4.935,,,,
왕송저수지,7.7,12.999999999999972,2.256,0.102,67.9,2018-10-01,9.6,3.642,,,,
왕송저수지,7.5,30.399999999999977,2.416,0.098,45.077000000000005,2018-11-01,7.6,3.716,,,,
왕송저수지,7.3,16.999999999999886,3.416,0.036,61.5,2018-12-01,9.0,4.292,,,,
서호저수지(방류),8.3,12.4,7.71,0.02,10.2,2018-01-01,10.6,5.7,,,,
서호저수지(방류),8.0,10.4,7.12,0.31,9.4,2018-02-01,8.6,5.7,,,,
서호저수지(방류),7.7,9.6,4.71,0.014,7.7,2018-03-01,7.2,3.895,,,,
서호저수지(방류),8.2,18.0,5.32,0.016,18.1,2018-04-01,6.6,3.993,,,,
서호저수지(방류),8.6,12.5,2.9847,0.031,45.0,2018-05-01,6.8,4.299,,,,
서호저수지(방류),8.2,11.199999999999989,5.79,0.12,23.5152,2018-06-01,9.6,4.856,,,,
서호저수지(방류),8.9,24.5,4.78,0.178,12.8,2018-07-01,9.2,3.6,,,,
서호저수지(방류),9.3,33.0,4.426,0.222,146.1,2018-08-01,11.2,5.037,,,,
서호저수지(방류),8.8,24.0,4.446,0.136,82.6,2018-09-01,8.0,3.674,,,,
서호저수지(방류),8.7,34.00000000000006,7.034,0.127,114.9,2018-10-01,9.8,7.893,,,,
서호저수지(방류),8.7,22.99999999999997,4.92,0.084,158.902,2018-11-01,8.0,4.655,,,,
서호저수지(방류),7.7,22.99999999999997,6.174,0.044,73.93999999999998,2018-12-01,8.200000000000001,3.721,,,,
만석거저수지(방류),8.2,6.4,3.24,0.048,5.9,2018-01-01,5.8,3.2,,,,
만석거저수지(방류),7.9,8.0,3.34,0.024,5.6,2018-02-01,8.2,3.8,,,,
만석거저수지(방류),8.3,11.6,2.76,0.025,5.8,2018-03-01,6.6,3.395,,,,
만석거저수지(방류),8.3,12.4,2.759,0.06,29.7,2018-04-01,4.4,3.378,,,,
만석거저수지(방류),8.7,15.5,1.457,0.038,16.9,2018-05-01,4.6,3.753,,,,
만석거저수지(방류),9.1,29.19999999999999,1.313,0.084,17.615199999999998,2018-06-01,5.0,3.533,,,,
만석거저수지(방류),8.3,24.0,2.1,0.2,41.0,2018-07-01,6.6,2.6,,,,
만석거저수지(방류),8.4,12.799999999999956,0.787,0.069,41.0,2018-08-01,7.0,2.942,,,,
만석거저수지(방류),7.1,11.0,1.15,0.047,42.2,2018-09-01,6.4,2.573,,,,
만석거저수지(방류),8.1,25.0,1.062,0.096,31.9,2018-10-01,9.4,2.613,,,,
만석거저수지(방류),7.7,19.50000000000003,1.35,0.046,54.292,2018-11-01,5.4,3.961,,,,
만석거저수지(방류),7.3,11.999999999999886,1.263,0.008,18.748000000000005,2018-12-01,4.800000000000001,2.314,,,,
신대저수지(방류),,,,,,2018-01-01,,,,,,
신대저수지(방류),7.8,13.6,2.51,0.027,0.7,2018-02-01,4.8,2.6,,,,
신대저수지(방류),8.1,4.0,1.15,0.033,3.6,2018-03-01,4.0,1.5,,,,
신대저수지(방류),8.4,8.4,1.23,0.017,17.9,2018-04-01,5.6,2.657,,,,
신대저수지(방류),8.5,3.6,1.229,0.021,4.8,2018-05-01,4.6,2.534,,,,
신대저수지(방류),8.0,3.1999999999999886,1.454,0.005,2.572,2018-06-01,3.4000000000000004,2.393,,,,
신대저수지(방류),8.8,7.5,1.16,0.064,42.2,2018-07-01,5.8,2.5,,,,
신대저수지(방류),8.9,4.4,0.556,0.01,16.5,2018-08-01,5.800000000000001,3.429,,,,
신대저수지(방류),8.8,4.8,0.99,0.011,12.2,2018-09-01,7.799999999999999,5.387,,,,
신대저수지(방류),7.4,4.0,1.397,0.041,5.7,2018-10-01,4.0,1.292,,,,
신대저수지(방류),7.0,10.499999999999972,1.649,0.047,7.482000000000001,2018-11-01,3.8,2.742,,,,
신대저수지(방류),7.9,4.000000000000057,1.84,0.041,3.868,2018-12-01,3.4000000000000004,2.376,,,,
하광교소류지,8.0,6.8,0.759,0.028,55.5,2019-01-01,9.0,7.2,,,,
하광교소류지,7.7,10.0,0.811,0.019,70.9,2019-02-01,9.4,5.5,,,,
하광교소류지,7.5,8.0,0.475,0.014,97.3,2019-03-01,10.4,5.9,,,,
하광교소류지,7.3,4.0,0.49,0.019,17.9,2019-04-01,13.8,4.8,,,,
하광교소류지,7.1,2.0,0.533,0.01,22.8,2019-05-01,8.3,4.8,,,,
하광교소류지,7.2,4.8,0.254,0.014,23.2,2019-06-01,7.4,5.1,,,,
하광교소류지,7.0,1.2,0.384,0.019,6.3,2019-07-01,8.4,4.6,,,,
하광교소류지,6.7,0.8,1.526,0.005,10.3,2019-08-01,4.6,3.3,,,,
하광교소류지,7.0,3.0,1.325,0.019,9.8,2019-09-01,3.8,2.8,,,,
하광교소류지,7.0,3.7,1.637,0.014,6.3,2019-10-01,3.2,2.2,,,,
하광교소류지,7.7,3.7,0.854,0.019,7.4,2019-11-01,4.2,2.3,,,,
하광교소류지,7.2,2.3,0.816,0.01,12.8,2019-12-01,3.4,1.9,,,,
일월저수지,7.6,10.0,4.001,0.067,46.4,2019-01-01,9.2,7.4,,,,
일월저수지,8.8,6.0,2.616,0.043,31.9,2019-02-01,6.4,4.6,,,,
일월저수지,8.2,8.0,2.986,0.058,37.9,2019-03-01,8.0,4.8,,,,
일월저수지,7.9,4.0,2.63,0.067,61.9,2019-04-01,16.6,5.4,,,,
일월저수지,8.7,3.2,2.77,0.115,174.6,2019-05-01,10.0,5.2,,,,
일월저수지,7.5,3.6,3.926,0.048,58.2,2019-06-01,9.2,5.3,,,,
일월저수지,8.2,8.0,4.445,0.062,97.4,2019-07-01,8.0,4.9,,,,
일월저수지,9.5,14.0,3.259,0.096,147.4,2019-08-01,7.0,5.7,,,,
일월저수지,8.6,62.0,8.64,0.384,247.6,2019-09-01,34.4,5.2,,,,
일월저수지,8.2,17.0,3.648,0.072,60.2,2019-10-01,12.8,3.9,,,,
일월저수지,7.6,17.0,2.078,0.134,74.6,2019-11-01,9.4,4.7,,,,
일월저수지,8.8,12.0,1.574,0.072,95.7,2019-12-01,9.6,4.5,,,,
만석거저수지,7.6,4.6,2.124,0.042,17.3,2019-01-01,4.6,3.4,,,,
만석거저수지,7.7,14.0,2.736,0.062,29.6,2019-02-01,5.0,3.1,,,,
만석거저수지,8.8,15.0,1.958,0.053,43.9,2019-03-01,18.4,3.9,,,,
만석거저수지,7.8,11.0,4.157,0.211,198.8,2019-04-01,14.6,8.4,,,,
만석거저수지,8.7,2.4,1.656,0.048,67.0,2019-05-01,7.0,4.5,,,,
만석거저수지,7.9,29.6,0.643,0.029,77.8,2019-06-01,5.8,4.2,,,,
만석거저수지,7.7,14.0,0.466,0.034,38.7,2019-07-01,2.8,3.3,,,,
만석거저수지,7.6,7.5,0.734,0.024,44.2,2019-08-01,5.0,3.4,,,,
만석거저수지,7.6,7.5,1.181,0.082,40.6,2019-09-01,6.2,3.4,,,,
만석거저수지,7.5,70.0,1.656,0.13,73.1,2019-10-01,10.0,3.1,,,,
만석거저수지,8.8,26.7,1.531,0.115,86.3,2019-11-01,6.0,3.4,,,,
만석거저수지,7.5,1.7,0.859,0.038,30.2,2019-12-01,4.4,2.4,,,,
원천저수지,7.7,3.8,1.15,0.031,11.5,2019-01-01,4.0,3.1,,,,
원천저수지,7.8,3.0,0.394,0.019,12.0,2019-02-01,4.4,2.2,,,,
원천저수지,8.0,5.0,0.178,0.01,18.0,2019-03-01,4.6,2.8,,,,
원천저수지,7.8,0.4,0.35,0.019,14.8,2019-04-01,3.8,3.3,,,,
원천저수지,7.8,1.2,0.389,0.014,57.6,2019-05-01,7.3,3.8,,,,
원천저수지,7.3,12.8,0.23,0.014,27.4,2019-06-01,5.6,3.7,,,,
원천저수지,7.7,0.8,0.557,0.014,14.3,2019-07-01,6.8,3.1,,,,
원천저수지,9.0,3.6,0.811,0.029,15.7,2019-08-01,3.6,3.3,,,,
원천저수지,7.7,4.0,0.883,0.029,7.8,2019-09-01,4.0,3.0,,,,
원천저수지,8.2,5.7,1.157,0.01,26.7,2019-10-01,4.4,2.8,,,,
원천저수지,7.7,5.0,0.461,0.024,20.2,2019-11-01,3.8,2.4,,,,
원천저수지,8.0,4.7,0.614,0.019,14.8,2019-12-01,3.6,2.2,,,,
서호저수지(유입),7.4,14.0,6.575,0.115,65.9,2019-01-01,8.8,6.7,,,,
서호저수지(유입),7.9,9.0,6.696,0.062,27.4,2019-02-01,6.8,5.0,,,,
서호저수지(유입),8.6,13.0,5.856,0.091,32.3,2019-03-01,7.2,5.7,,,,
서호저수지(유입),8.0,6.0,7.032,0.173,174.8,2019-04-01,12.2,6.6,,,,
서호저수지(유입),8.6,2.0,7.152,0.149,249.0,2019-05-01,6.0,4.8,,,,
서호저수지(유입),7.6,4.0,8.16,0.038,86.5,2019-06-01,6.8,4.6,,,,
서호저수지(유입),7.5,7.0,6.168,0.029,26.7,2019-07-01,1.6,4.4,,,,
서호저수지(유입),9.7,38.0,6.024,0.216,196.4,2019-08-01,16.0,7.8,,,,
서호저수지(유입),9.4,72.0,13.08,0.672,493.1,2019-09-01,28.0,9.0,,,,
서호저수지(유입),7.7,12.0,8.184,0.024,55.6,2019-10-01,6.0,3.6,,,,
서호저수지(유입),8.5,14.0,10.104,0.125,65.6,2019-11-01,6.2,4.1,,,,
서호저수지(유입),7.9,9.0,5.928,0.082,38.0,2019-12-01,5.6,3.3,,,,
신대저수지,7.6,23.6,1.829,0.058,10.1,2019-01-01,8.4,4.6,,,,
신대저수지,7.4,4.0,6.096,0.024,7.5,2019-02-01,7.4,3.8,,,,
신대저수지,7.7,4.0,2.894,0.014,5.6,2019-03-01,4.0,3.2,,,,
신대저수지,7.6,0.8,3.653,0.034,4.0,2019-04-01,4.6,4.0,,,,
신대저수지,7.6,0.4,1.502,0.014,9.9,2019-05-01,4.7,2.7,,,,
신대저수지,7.2,1.2,2.342,0.024,11.6,2019-06-01,4.8,3.4,,,,
신대저수지,7.9,3.2,1.886,0.01,11.5,2019-07-01,6.8,3.5,,,,
신대저수지,9.0,5.6,0.562,0.043,25.4,2019-08-01,6.8,4.9,,,,
신대저수지,7.6,5.3,1.867,0.034,10.2,2019-09-01,4.4,3.4,,,,
신대저수지,7.9,7.7,2.261,0.01,25.2,2019-10-01,6.2,3.1,,,,
신대저수지,7.6,7.3,1.421,0.024,20.3,2019-11-01,4.2,2.7,,,,
신대저수지,7.8,1.7,1.483,0.024,18.3,2019-12-01,3.8,2.6,,,,
서호저수지,7.5,24.0,7.17,0.113,37.6,2019-01-01,9.9,7.6,,,,
서호저수지,8.2,11.0,6.096,0.067,44.3,2019-02-01,6.6,5.2,,,,
서호저수지,9.0,15.0,5.184,0.077,63.5,2019-03-01,9.6,6.8,,,,
서호저수지,8.5,7.0,7.416,0.144,205.4,2019-04-01,13.0,6.8,,,,
서호저수지,9.6,3.6,5.448,0.158,249.1,2019-05-01,8.8,5.2,,,,
서호저수지,7.4,16.4,5.16,0.125,70.5,2019-06-01,9.4,5.6,,,,
서호저수지,8.7,14.0,4.594,0.101,190.4,2019-07-01,11.2,5.7,,,,
서호저수지,9.9,50.0,6.144,0.274,290.2,2019-08-01,28.0,9.6,,,,
서호저수지,9.5,80.0,13.752,0.576,426.5,2019-09-01,33.6,8.2,,,,
서호저수지,8.0,27.7,10.536,0.158,137.4,2019-10-01,9.4,4.6,,,,
서호저수지,9.4,26.7,7.56,0.24,145.9,2019-11-01,11.6,4.5,,,,
서호저수지,8.8,16.7,5.352,0.072,162.6,2019-12-01,10.4,4.0,,,,
하광교소류지,6.8,0.8,1.098,0.014,4.2,2019-01-01,4.0,2.1,11.9,0.078,0.132,1.6
하광교소류지,7.75,2.7,0.9486,0.0336,9.3656,2019-02-01,3.8,1.933,10.6,0.0515,0.078,10.7
하광교소류지,7.81,1.749999999999981,0.9382,0.007,8.1,2019-03-01,14.0,2.38964,12.32,0.0505,0.025,8.67
하광교소류지,7.18,1.4000000000000123,0.8616,0.0115,4.159000000000001,2019-04-01,11.0,2.612,9.34,0.747,N.D.,12.2
하광교소류지,7.98,8.8,0.78,0.019,4.4,2019-05-01,8.0,3.9,6.16,0.06912,N.D.,20.3
하광교소류지,8.34,1.7142857142857235,0.7696,0.0129,7.6,2019-06-01,4.0,3.6623,8.12,0.1462,0.022,22.7
하광교소류지,7.7,2.2,0.5106,0.0232,10.9,2019-07-01,5.0,1.937,6.0,0.06,0.05,23.9
하광교소류지,7.1,1.2000000000000066,0.8314,0.0162,0.8,2019-08-01,9.0,1.7479999999999998,6.9,0.0506,0.01,25.1
하광교소류지,7.05,4.1999999999999815,0.93,0.0146,16.4,2019-09-01,2.0,2.407,7.99,0.0447,N.D.,21.1
하광교소류지,7.49,5.199999999999982,0.3525,0.0175,9.9,2019-10-01,9.025000000000002,3.0103,7.89,0.473,0.025,20.3
하광교소류지,7.13,6.6,0.63,0.011,17.9,2019-11-01,7.979999999999999,3.9,7.9,0.6,0.23,8.1
하광교소류지,7.08,3.799999999999998,0.5902,0.0103,14.8,2019-12-01,13.775000000000002,3.4329,6.16,0.0594,0.225,6.5
일월저수지,8.8,11.8,3.013,0.084,43.3,2019-01-01,13.2,6.9,15.3,0.456,0.033,3.2
일월저수지,7.64,8.799999999999974,1.848,0.0052,36.543,2019-02-01,20.4,8.8656,11.27,0.552,0.286,10.4
일월저수지,7.55,10.000000000000009,1.5045,0.042,59.2,2019-03-01,17.0,9.362,12.63,0.487,0.152,12.01
일월저수지,8.51,12.50000000000001,0.781,0.0532,120.728,2019-04-01,41.0,11.96,13.1,0.464,0.013,16.0
일월저수지,9.8,26.0,1.02,0.079,126.9,2019-05-01,46.0,14.2,9.02,0.5129,0.019,23.2
일월저수지,9.6,8.4,4.503,0.0328,44.2,2019-06-01,17.0,8.703,9.86,0.468,0.075,26.2
일월저수지,8.1,11.6,3.988,0.048,79.2,2019-07-01,11.0,5.65,6.92,0.489,0.426,24.5
일월저수지,6.9,7.599999999999996,0.6427,0.0748,76.0,2019-08-01,19.0,5.6776,7.42,0.1233,0.086,28.8
일월저수지,8.36,6.399999999999989,0.77,0.0204,46.4,2019-09-01,19.0,4.5,8.33,0.1811,N.D.,24.4
일월저수지,8.23,15.666666666666652,0.5468,0.0414,91.4,2019-10-01,16.815000000000005,7.937,10.21,0.355,0.033,18.5
일월저수지,7.6,19.6,1.45,0.053,90.1,2019-11-01,23.94,8.0,9.6,0.326,0.45,11.8
일월저수지,6.83,18.500000000000043,1.6148,0.032,85.0,2019-12-01,19.285000000000004,7.166,5.91,0.345,0.067,6.6
만석거저수지,7.8,4.6,1.346,0.042,17.4,2019-01-01,6.0,2.8,13.2,0.278,0.068,2.9
만석거저수지,7.71,8.8,1.2456,0.0305,19.208,2019-02-01,8.5,4.133,9.12,0.295,0.123,12.7
만석거저수지,8.22,11.999999999999996,0.8605,0.027,62.6,2019-03-01,12.3,4.386,11.57,0.307,0.038,13.01
만석거저수지,8.4,7.666666666666702,0.5553,0.0375,39.35,2019-04-01,17.0,4.9,10.15,0.304,0.013,16.3
만석거저수지,10.5,10.3,0.49,0.047,54.6,2019-05-01,26.0,6.8,8.97,0.3492,0.024,22.7
만석거저수지,8.37,10.500000000000025,0.7718,0.0444,42.1,2019-06-01,27.0,7.0201,8.74,0.282,0.061,24.9
만석거저수지,8.2,13.6,0.5887,0.055,56.0,2019-07-01,12.0,4.483,7.3,0.274,0.044,26.6
만석거저수지,7.5,10.000000000000009,1.1179,0.047,40.0,2019-08-01,12.0,4.397,8.22,0.1328,0.026,30.7
만석거저수지,8.09,14.333333333333377,0.99,0.0611,120.7,2019-09-01,23.0,5.997,9.49,0.1877,N.D.,24.3
만석거저수지,8.83,11.000000000000036,0.7633,0.0426,110.1,2019-10-01,16.055000000000007,7.624,11.71,0.208,0.057,20.1
만석거저수지,7.55,10.8,0.69,0.045,54.7,2019-11-01,20.14,6.9,9.8,0.257,0.22,14.2
만석거저수지,8.35,7.333333333333312,0.8985,0.0353,49.6,2019-12-01,20.235000000000007,6.331300000000001,5.25,0.273,0.075,6.9
원천저수지,7.8,6.9,1.009,0.025,7.2,2019-01-01,4.8,2.4,10.3,0.506,0.079,2.9
원천저수지,7.82,3.2,0.7612,0.0631,6.669999999999999,2019-02-01,5.5,2.9001,11.47,0.53,0.032,9.3
원천저수지,8.01,4.333333333333365,0.6251,0.016,9.4,2019-03-01,8.1,4.097,13.24,0.54,0.007,10.62
원천저수지,7.98,4.666666666666662,0.39,0.0134,11.524799999999995,2019-04-01,16.0,4.3108,10.74,0.538,N.D.,16.5
원천저수지,7.94,5.4,0.32,0.026,9.6,2019-05-01,22.0,5.5,6.71,0.5574,N.D.,24.2
원천저수지,8.49,4.000000000000004,0.3529,0.0123,12.7,2019-06-01,13.0,3.587,7.4,0.642,0.02,25.6
원천저수지,8.4,3.4,0.2783,0.0435,19.2,2019-07-01,3.0,2.843,5.94,0.22,0.03,23.2
원천저수지,8.1,4.799999999999999,0.6636,0.0154,15.2,2019-08-01,11.0,2.097,7.48,0.1632,0.037,29.5
원천저수지,8.67,2.799999999999997,0.55,0.0233,11.9,2019-09-01,11.0,2.9956,7.55,0.262,N.D.,24.3
원천저수지,8.34,8.000000000000007,0.1306,0.0235,18.7,2019-10-01,6.554999999999995,3.1157,9.07,0.331,0.04,21.1
원천저수지,6.88,13.0,0.54,0.022,37.3,2019-11-01,6.37,4.5,8.9,0.389,0.15,11.5
원천저수지,6.98,7.999999999999998,0.51,0.02,29.8,2019-12-01,7.790000000000004,3.32,5.06,0.398,0.114,9.8
서호저수지(유입),7.6,9.4,7.162,0.079,22.0,2019-01-01,8.0,4.7,12.1,0.565,0.308,5.3
서호저수지(유입),7.71,13.50000000000004,4.0324,0.0348,17.79333333333333,2019-02-01,15.5,5.74,8.25,0.502,0.137,13.6
서호저수지(유입),8.01,4.666666666666708,7.923,0.033,8.9,2019-03-01,12.0,5.8055,10.79,0.489,0.059,9.56
서호저수지(유입),9.42,5.599999999999994,8.648,0.0596,10.43,2019-04-01,19.0,5.614,9.62,0.622,0.084,17.0
서호저수지(유입),9.59,5.2,7.82,0.088,12.6,2019-05-01,35.0,5.7,7.01,0.6708,0.203,21.5
서호저수지(유입),6.75,8.800000000000002,8.95,0.0537,9.6,2019-06-01,7.0,5.1289,6.53,0.564,0.239,24.1
서호저수지(유입),7.9,5.6,7.648000000000001,0.0204,10.6,2019-07-01,11.0,3.7878,6.2,0.605,0.615,25.4
서호저수지(유입),7.3,3.999999999999996,5.305999999999999,0.0754,6.9,2019-08-01,9.0,2.581,5.7,0.454,0.095,26.7
서호저수지(유입),7.96,10.800000000000004,5.868,0.0993,5.7,2019-09-01,13.0,2.621,6.43,0.498,0.021,23.1
서호저수지(유입),7.45,9.000000000000007,7.995999999999999,0.0692,4.6,2019-10-01,9.405,4.4346,7.68,0.527,0.181,21.0
서호저수지(유입),7.5,2.0,8.13,0.059,4.0,2019-11-01,13.965000000000009,4.7,8.1,0.574,0.09,15.7
서호저수지(유입),7.41,2.6666666666666505,8.334,0.0395,2.6,2019-12-01,9.975000000000003,4.696,4.25,0.595,0.168,11.2
신대저수지,7.6,4.1,1.529,0.027,5.0,2019-01-01,5.2,2.6,10.9,0.507,0.153,1.5
신대저수지,7.44,3.6,1.3426,0.0487,4.450000000000001,2019-02-01,4.8,1.91,8.74,0.626,0.122,10.4
신대저수지,8.02,3.333333333333336,1.1928,0.012,3.3,2019-03-01,6.7,3.276,11.02,0.607,0.106,8.54
신대저수지,7.83,1.799999999999996,1.0326,0.0118,3.3374999999999995,2019-04-01,12.0,3.77906,7.44,0.485,0.01,15.2
신대저수지,7.26,5.2,0.83,0.034,6.8,2019-05-01,9.0,4.5,8.35,0.562,0.032,25.2
신대저수지,8.29,1.600000000000018,1.1008,0.0154,3.4,2019-06-01,5.0,3.712,7.83,0.494,0.105,25.7
신대저수지,8.3,4.2,0.6129,0.0344,22.8,2019-07-01,6.0,3.044,6.6,0.305,0.057,23.5
신대저수지,7.7,15.600000000000003,0.4238,0.0226,89.8,2019-08-01,18.0,4.98,8.76,0.42,0.032,28.2
신대저수지,8.88,7.599999999999996,1.22,0.0308,21.5,2019-09-01,17.0,4.1062,7.4,0.258,N.D.,24.0
신대저수지,8.16,8.99999999999998,0.4894,0.0254,42.8,2019-10-01,9.595000000000006,4.4510000000000005,8.6,0.336,0.113,20.1
신대저수지,8.1,10.4,1.15,0.023,16.8,2019-11-01,12.16,4.7,8.5,0.388,0.27,13.7
신대저수지,6.85,7.666666666666702,1.2311,0.0192,15.5,2019-12-01,8.930000000000003,3.957,5.13,0.415,0.087,13.4
서호저수지,7.7,11.4,6.762,0.08,51.7,2019-01-01,7.8,4.6,12.2,0.56,0.371,4.2
서호저수지,7.66,13.999999999999986,6.394,0.0681,48.92,2019-02-01,17.4,6.918,9.42,0.573,0.813,13.0
서호저수지,7.36,16.000000000000043,6.205,0.055,111.4,2019-03-01,13.3,6.5421000000000005,11.25,0.568,0.042,10.77
서호저수지,9.99,17.500000000000014,6.409000000000001,0.0675,300.71200000000005,2019-04-01,40.0,13.31,18.7,0.541,0.018,16.5
서호저수지,11.67,18.0,5.99,0.089,113.4,2019-05-01,38.0,10.3,14.8,0.6312,0.039,22.7
서호저수지,7.78,15.5,6.228,0.0489,64.3,2019-06-01,26.0,10.9495,10.67,0.461,0.054,25.4
서호저수지,9.0,14.4,4.495,0.0201,157.5,2019-07-01,25.0,8.758,8.3,0.423,0.202,26.0
서호저수지,7.4,22.99999999999996,5.196,0.1037,261.3,2019-08-01,29.0,11.155,6.03,0.345,0.914,31.3
서호저수지,8.09,18.666666666666693,4.492,0.0679,142.4,2019-09-01,14.0,5.054,10.12,0.1978,0.011,23.7
서호저수지,9.46,26.000000000000007,5.94,0.0854,170.0,2019-10-01,34.010000000000005,10.6769,10.3,0.451,0.056,20.5
서호저수지,8.8,22.8,6.71,0.07,151.3,2019-11-01,26.980000000000008,9.9,11.09,0.543,0.09,13.0
서호저수지,7.58,17.499999999999947,6.3105,0.052,125.6,2019-12-01,19.855000000000008,8.085,6.61,0.539,0.072,6.8
