name,PH,BOD,SS,T-N,T-P,date,TOC,DO,EC (MS/CM),수온
수원천,7.696666666666666,1.933333333333333,11.633333333333333,8.805333333333335,0.0783333333333333,2015-01-01,,,,
원천리천,7.653333333333333,2.333333333333333,2.466666666666667,6.658,0.1633333333333333,2015-01-01,,,,
서호천,7.786666666666666,2.333333333333333,3.5666666666666664,9.906,0.0986666666666666,2015-01-01,,,,
황구지천,7.693333333333332,2.3666666666666667,3.866666666666666,7.422666666666667,0.1636666666666666,2015-01-01,,,,
수원천,7.766666666666667,1.0333333333333332,0.9333333333333332,7.231999999999999,0.077,2015-02-01,,,,
원천리천,7.57,1.6333333333333335,4.266666666666667,8.459999999999999,0.1643333333333333,2015-02-01,,,,
서호천,7.960000000000001,2.1333333333333333,4.6000000000000005,8.528,0.1213333333333333,2015-02-01,,,,
황구지천,7.580000000000001,2.2666666666666666,4.966666666666667,7.654000000000001,0.2299999999999999,2015-02-01,,,,
수원천,8.0,2.2,4.7,4.849,0.012,2015-03-01,,,,
원천리천,7.8,3.0,6.1,7.169,0.159,2015-03-01,,,,
서호천,7.9,2.7,11.1,6.052,0.065,2015-03-01,,,,
황구지천,7.6,2.8,15.9,16.223,0.129,2015-03-01,,,,
수원천,8.2,0.9,2.767,3.424,0.061,2015-04-01,,,,
원천리천,7.57,1.633,4.2,4.048,0.116,2015-04-01,,,,
서호천,7.9,1.867,32.7,5.56,0.098,2015-04-01,,,,
황구지천,7.83,3.9,20.9,3.772,0.122,2015-04-01,,,,
수원천,7.87,1.167,2.933,2.517,0.023,2015-05-01,,,,
원천리천,7.47,1.833,5.133,2.999,0.121,2015-05-01,,,,
서호천,7.5,3.567,8.633,5.543,0.058,2015-05-01,,,,
황구지천,7.57,5.767,26.267,3.848,0.136,2015-05-01,,,,
수원천,7.93,1.167,2.667,2.28,0.015,2015-06-01,,,,
원천리천,7.87,2.0,6.2,4.144,0.137,2015-06-01,,,,
서호천,7.97,2.167,8.033,5.442,0.039,2015-06-01,,,,
황구지천,7.7,6.667,22.333,2.299,0.105,2015-06-01,,,,
수원천,7.97,1.6,8.1,1.691,0.017,2015-07-01,,,,
원천리천,7.57,1.8,5.2,4.534,0.239,2015-07-01,,,,
서호천,7.8,2.6,5.8,5.388,0.053,2015-07-01,,,,
황구지천,8.4,11.8,33.8,1.769,0.157,2015-07-01,,,,
수원천,8.03,4.0,7.9,3.018,0.045,2015-08-01,,,,
원천리천,7.73,2.2,3.9,3.221,0.287,2015-08-01,,,,
서호천,8.0,3.8,11.0,6.146,0.134,2015-08-01,,,,
황구지천,8.03,5.9,32.7,1.598,0.135,2015-08-01,,,,
수원천,8.23,1.1,8.7,2.378,0.033,2015-09-01,,,,
원천리천,7.83,1.1,4.9,3.502,0.174,2015-09-01,,,,
서호천,8.07,3.7,11.4,5.852,0.124,2015-09-01,,,,
황구지천,7.97,14.0,62.7,2.437,0.134,2015-09-01,,,,
수원천,8.3,1.2,1.9,2.171,0.034,2015-10-01,,,,
원천리천,8.3,1.3,2.6,3.823,0.274,2015-10-01,,,,
서호천,8.2,2.3,5.7,6.451,0.252,2015-10-01,,,,
황구지천,8.3,3.2,12.4,5.267,0.134,2015-10-01,,,,
수원천,7.7,0.5,1.5,3.334,0.027,2015-11-01,,,,
원천리천,7.2,1.6,4.5,4.069,0.406,2015-11-01,,,,
서호천,7.7,2.0,6.2,6.898,0.075,2015-11-01,,,,
황구지천,8.0,2.8,26.3,3.644,0.086,2015-11-01,,,,
수원천,7.8,0.7,0.8,4.911,0.008,2015-12-01,,,,
원천리천,7.6,1.5,3.3,3.845,0.047,2015-12-01,,,,
서호천,7.7,2.4,5.6,8.217,0.107,2015-12-01,,,,
황구지천,7.6,3.6,26.8,4.362,0.099,2015-12-01,,,,
수원천,7.8,0.4,1.2,7.341,0.012,2016-01-01,3.0,,,
원천리천,7.63,2.6,3.5,6.216,0.142,2016-01-01,8.47,,,
서호천,7.63,2.1,7.0,9.22,0.123,2016-01-01,7.67,,,
황구지천,7.73,2.5,8.8,8.105,0.11,2016-01-01,5.53,,,
수원천,7.3,1.7,0.5,6.666,0.02,2016-02-01,2.67,,,
원천리천,7.17,4.3,3.1,11.537,0.143,2016-02-01,7.9,,,
서호천,7.63,1.9,33.5,8.648,0.074,2016-02-01,6.63,,,
황구지천,7.77,2.8,13.7,7.667,0.154,2016-02-01,4.87,,,
수원천,7.0,0.5,1.5,3.41,0.022,2016-03-01,1.53,,,
원천리천,7.5,4.5,5.1,4.212,0.136,2016-03-01,6.37,,,
서호천,7.5,1.8,3.7,4.829,0.085,2016-03-01,4.57,,,
황구지천,7.73,5.5,26.3,1.844,0.177,2016-03-01,4.93,,,
수원천,7.97,0.7,3.1,4.948,0.031,2016-04-01,2.0,,,
원천리천,7.43,6.7,5.2,10.407,0.126,2016-04-01,6.93,,,
서호천,7.8,2.0,4.4,9.784,0.094,2016-04-01,4.53,,,
황구지천,7.43,4.2,25.6,6.72,0.226,2016-04-01,5.33,,,
수원천,7.97,1.2,7.2,3.933,0.045,2016-05-01,2.43,,,
원천리천,7.8,3.2,6.0,3.267,0.221,2016-05-01,3.07,,,
서호천,8.0,2.0,5.3,7.6,0.086,2016-05-01,3.3,,,
황구지천,7.83,4.6,27.9,4.933,0.2,2016-05-01,5.2,,,
수원천,7.73,0.9,1.7,3.033,0.024,2016-06-01,3.1,,,
원천리천,7.17,1.4,5.5,4.367,0.156,2016-06-01,3.533,,,
서호천,7.77,1.4,2.8,8.067,0.087,2016-06-01,4.967,,,
황구지천,7.17,4.3,30.7,7.767,0.215,2016-06-01,1.167,,,
수원천,7.83,1.3,5.7,2.633,0.057,2016-07-01,2.967,,,
원천리천,7.6,1.2,5.5,2.233,0.156,2016-07-01,2.4,,,
서호천,8.1,1.5,4.4,5.933,0.114,2016-07-01,3.567,,,
황구지천,7.5,3.0,24.1,4.367,0.169,2016-07-01,4.133,,,
수원천,7.7,1.9,2.3,3.633,0.057,2016-08-01,2.033,,,
원천리천,7.27,3.9,6.7,2.567,0.118,2016-08-01,3.433,,,
서호천,7.57,4.4,9.1,6.5,0.14,2016-08-01,3.967,,,
황구지천,7.3,5.4,19.3,2.467,0.193,2016-08-01,4.867,,,
수원천,7.3,1.7,4.1,3.567,0.048,2016-09-01,1.9,,,
원천리천,7.33,2.5,7.7,4.067,0.417,2016-09-01,3.667,,,
서호천,7.6,3.4,8.3,7.567,0.083,2016-09-01,3.767,,,
황구지천,7.4,3.9,14.4,3.133,0.142,2016-09-01,3.4,,,
수원천,7.23,1.5,3.3,3.533,0.041,2016-10-01,3.1,,,
원천리천,7.3,1.9,4.8,4.2,0.35,2016-10-01,5.0,,,
서호천,7.5,2.4,5.7,8.667,0.156,2016-10-01,4.933,,,
황구지천,7.43,2.5,10.9,6.933,0.161,2016-10-01,4.267,,,
수원천,7.73,0.5,0.4,4.3,0.021,2016-11-01,1.133,,,
원천리천,7.3,2.8,4.7,7.533,0.249,2016-11-01,5.6,,,
서호천,7.63,0.9,3.2,8.5,0.054,2016-11-01,3.767,,,
황구지천,7.87,2.8,12.3,2.867,0.138,2016-11-01,4.233,,,
수원천,7.57,0.6,1.0,3.533,0.032,2016-12-01,2.067,,,
원천리천,7.37,1.9,5.8,5.233,0.241,2016-12-01,4.7,,,
서호천,7.57,1.0,2.4,7.8,0.069,2016-12-01,3.367,,,
황구지천,7.73,2.1,8.0,2.9,0.148,2016-12-01,3.067,,,
수원천_중류(매세교),7.8,2.7300000000000004,0.9999999999999432,7.8544726301735635,0.0160521042084167,2017-01-01,1.8,,,
수원천_중류(매세교),7.3,4.5,1.0,7.635668789808916,0.0925607863424728,2017-02-01,1.822,,,
수원천_중류(매세교),7.5,5.1,6.400000000000035,5.53953488372093,0.1369215491559087,2017-03-01,2.226,,,
수원천_중류(매세교),7.6,1.7400000000000002,4.8000000000000105,4.017,0.02,2017-04-01,2.301,,,
수원천_중류(매세교),7.6,2.804999999999999,10.0,2.429,0.017,2017-05-01,2.181,,,
수원천_중류(매세교),7.6,6.3,7.1999999999999895,1.516,0.046,2017-06-01,4.543,,,
수원천_중류(매세교),7.5,5.2,0.8000000000000114,4.9030000000000005,0.055,2017-07-01,4.757,,,
수원천_중류(매세교),7.4,3.1,5.500000000000044,4.72,0.081,2017-08-01,2.223,,,
수원천_중류(매세교),7.9,1.2,0.4,6.61,0.066,2017-09-01,1.7,,,
수원천_중류(매세교),8.1,2.4,4.0,5.086,0.004,2017-10-01,1.41,,,
수원천_중류(매세교),8.1,1.1,2.3999999999999773,4.784,0.006,2017-11-01,1.416,,,
수원천_중류(매세교),7.9,2.0,2.0,4.801,0.018,2017-12-01,1.619,,,
원천천_하류(대황교),6.7,4.380000000000003,6.000000000000085,7.040186915887849,0.0773747494989979,2017-01-01,3.7,,,
원천천_하류(대황교),7.0,12.7,2.5,9.728025477707009,0.0329643041903776,2017-02-01,5.624,,,
원천천_하류(대황교),7.4,1.9,1.6000000000000227,11.581395348837209,0.0725719960278054,2017-03-01,5.356,,,
원천천_하류(대황교),7.6,1.7249999999999992,4.399999999999977,11.217,0.071,2017-04-01,5.064,,,
원천천_하류(대황교),8.1,1.049999999999999,9.60000000000002,3.206,0.055,2017-05-01,2.88,,,
원천천_하류(대황교),8.1,1.4,9.199999999999989,2.844,0.058,2017-06-01,4.107,,,
원천천_하류(대황교),7.3,1.7,0.1999999999999886,3.064,0.023,2017-07-01,3.941,,,
원천천_하류(대황교),7.7,3.2,13.000000000000114,2.216,0.089,2017-08-01,3.137,,,
원천천_하류(대황교),7.7,1.2,1.6,2.97,0.037,2017-09-01,2.3,,,
원천천_하류(대황교),8.0,3.5,2.999999999999972,3.113,0.064,2017-10-01,2.479,,,
원천천_하류(대황교),7.9,1.6,2.800000000000012,3.306,0.038,2017-11-01,2.616,,,
원천천_하류(대황교),7.8,15.1,5.0,5.904,0.048,2017-12-01,5.252,,,
서호천_중류(한마루교),7.9,2.0249999999999995,2.0000000000000284,8.268585131894485,0.0383756345177666,2017-01-01,3.8,,,
서호천_중류(한마루교),7.1,1.4,3.200000000000045,6.685314685314685,0.0444642857142857,2017-02-01,3.24,,,
서호천_중류(한마루교),7.4,2.8,7.600000000000023,6.915128006206361,0.0389092711948437,2017-03-01,3.774,,,
서호천_중류(한마루교),7.6,3.3,6.200000000000017,7.051,0.028,2017-04-01,4.084,,,
서호천_중류(한마루교),7.6,2.25,4.8000000000000105,6.26,0.031,2017-05-01,3.431,,,
서호천_중류(한마루교),7.7,1.9,3.1999999999999886,6.064,0.044,2017-06-01,5.94,,,
서호천_중류(한마루교),7.5,2.0,0.8000000000000114,3.401,0.374,2017-07-01,5.932,,,
서호천_중류(한마루교),7.8,2.5,1.0000000000000853,4.468,0.056,2017-08-01,2.571,,,
서호천_중류(한마루교),8.0,1.2,1.2,5.45,0.042,2017-09-01,2.9,,,
서호천_중류(한마루교),8.2,2.3,4.499999999999957,7.804,0.031,2017-10-01,3.23,,,
서호천_중류(한마루교),8.0,2.3,3.500000000000014,8.184,0.04,2017-11-01,3.241,,,
서호천_중류(한마루교),8.1,2.3,7.1999999999999895,7.146,0.034,2017-12-01,3.327,,,
여천,7.6,0.8100000000000014,5.0,1.0210071942446042,1.0144169768148636e-16,2017-01-01,1.4,,,
여천,6.7,1.5,2.800000000000012,1.3499300699300698,0.0266071428571428,2017-02-01,2.78,,,
여천,7.3,1.5,2.3999999999999773,1.0688372093023255,0.090446871896723,2017-03-01,2.503,,,
여천,6.8,1.2,2.7999999999999825,0.713,0.012,2017-04-01,2.469,,,
여천,7.9,2.0249999999999995,7.1999999999999895,0.64,0.017,2017-05-01,1.462,,,
여천,7.8,0.8,5.1999999999999895,0.927,0.023,2017-06-01,3.647,,,
여천,6.9,2.2,12.800000000000011,2.925,0.03,2017-07-01,4.505,,,
여천,7.9,1.2,6.499999999999987,1.223,0.019,2017-08-01,1.854,,,
여천,7.9,3.5,2.4,0.92,0.019,2017-09-01,1.8,,,
여천,7.7,3.9,2.5,0.876,0.008,2017-10-01,1.545,,,
여천,7.5,1.4,4.0,0.769,0.062,2017-11-01,1.576,,,
여천,7.9,4.4,5.999999999999943,2.717,0.055,2017-12-01,2.219,,,
황구지천_하류(기안교),7.2,3.0,10.0,5.806542056074766,0.1296793587174348,2017-01-01,3.8,,,
황구지천_하류(기안교),7.3,10.7,19.000000000000057,5.9159235668789805,0.2024418003103983,2017-02-01,6.553,,,
황구지천_하류(기안교),7.3,2.6,5.1999999999999895,5.260465116279069,0.0779344587884807,2017-03-01,3.403,,,
황구지천_하류(기안교),7.9,8.2,30.80000000000001,6.662,0.219,2017-04-01,4.141,,,
황구지천_하류(기안교),8.3,3.825000000000001,9.199999999999989,4.259,0.182,2017-05-01,4.22,,,
황구지천_하류(기안교),7.9,5.8,13.60000000000002,3.027,0.196,2017-06-01,9.295,,,
황구지천_하류(기안교),7.4,5.0,14.000000000000057,2.718,0.118,2017-07-01,7.308,,,
황구지천_하류(기안교),7.9,4.9,20.999999999999947,3.009,0.074,2017-08-01,2.799,,,
황구지천_하류(기안교),7.7,7.2,10.0,3.61,0.087,2017-09-01,2.6,,,
황구지천_하류(기안교),7.6,3.0,15.0,3.083,0.118,2017-10-01,2.463,,,
황구지천_하류(기안교),7.8,4.8,4.000000000000057,5.024,0.088,2017-11-01,2.566,,,
황구지천_하류(기안교),7.7,3.3,21.000000000000085,4.709,0.078,2017-12-01,2.656,,,
서호천_하류(농대교),7.5,3.3299999999999983,10.999999999999943,8.834579439252336,0.0521242484969939,2017-01-01,4.2,,,
서호천_하류(농대교),7.3,14.5,6.000000000000013,9.49872611464968,0.1074599068804965,2017-02-01,3.913,,,
서호천_하류(농대교),7.8,5.0,8.399999999999979,6.956810631229234,0.0582720953326713,2017-03-01,4.998,,,
서호천_하류(농대교),8.3,4.020000000000001,12.400000000000034,7.007,0.078,2017-04-01,4.504,,,
서호천_하류(농대교),8.3,2.8949999999999982,10.800000000000011,5.774,0.062,2017-05-01,3.494,,,
서호천_하류(농대교),8.4,5.0,10.39999999999998,4.451,0.049,2017-06-01,6.603,,,
서호천_하류(농대교),7.3,4.2,9.200000000000044,3.283,0.196,2017-07-01,6.442,,,
서호천_하류(농대교),8.3,0.6,9.000000000000057,4.003,0.092,2017-08-01,2.939,,,
서호천_하류(농대교),7.7,5.3,22.0,4.06,0.07,2017-09-01,3.0,,,
서호천_하류(농대교),7.8,4.8,15.0,4.713,0.076,2017-10-01,3.076,,,
서호천_하류(농대교),8.1,3.2,2.0000000000000284,5.974,0.065,2017-11-01,3.067,,,
서호천_하류(농대교),8.1,4.4,12.000000000000028,6.448,0.064,2017-12-01,3.56,,,
가산천,7.9,1.799999999999999,9.000000000000057,5.192645883293364,0.0347208121827412,2017-01-01,3.0,,,
가산천,6.6,2.8,9.60000000000002,2.8055944055944058,0.0444642857142857,2017-02-01,2.865,,,
가산천,7.4,4.0,5.2000000000000455,5.295348837209302,0.1083217477656405,2017-03-01,6.162,,,
가산천,7.0,1.7,3.599999999999966,2.03,0.017,2017-04-01,3.53,,,
가산천,7.3,3.8400000000000007,17.0,4.93,0.061,2017-05-01,3.123,,,
가산천,7.8,1.9,4.0,5.798,0.016,2017-06-01,4.43,,,
가산천,7.0,1.3,2.0,3.136,0.014,2017-07-01,4.915,,,
가산천,7.8,1.7,7.000000000000028,2.333,0.043,2017-08-01,2.251,,,
가산천,8.0,0.8,0.4,1.89,0.029,2017-09-01,1.4,,,
가산천,7.7,4.0,0.4999999999999716,2.703,0.033,2017-10-01,1.403,,,
가산천,7.7,1.1,2.400000000000034,5.796,0.096,2017-11-01,1.817,,,
가산천,7.9,7.8,5.0,5.55,0.026,2017-12-01,3.932,,,
원천천_중류(백년교),7.8,2.3099999999999987,2.999999999999972,3.675700934579439,0.062945891783567,2017-01-01,3.4,,,
원천천_중류(백년교),6.8,2.8,2.800000000000012,3.612587412587412,0.0283928571428571,2017-02-01,4.029,,,
원천천_중류(백년교),7.8,10.4,8.0,8.720930232558137,0.0922343594836147,2017-03-01,4.111,,,
원천천_중류(백년교),7.9,3.705000000000001,10.800000000000011,5.29,0.065,2017-04-01,4.296,,,
원천천_중류(백년교),8.2,1.950000000000001,6.400000000000035,2.039,0.062,2017-05-01,2.406,,,
원천천_중류(백년교),8.3,1.9,3.200000000000045,2.336,0.056,2017-06-01,5.178,,,
원천천_중류(백년교),7.5,2.0,2.800000000000012,1.757,0.045,2017-07-01,4.886,,,
원천천_중류(백년교),7.8,1.7,20.0,1.713,0.037,2017-08-01,2.157,,,
원천천_중류(백년교),7.9,1.5,0.4,2.83,0.055,2017-09-01,2.7,,,
원천천_중류(백년교),7.9,3.8,2.999999999999972,4.384,0.083,2017-10-01,2.816,,,
원천천_중류(백년교),7.8,1.1,3.1999999999999886,3.164,0.06,2017-11-01,2.748,,,
원천천_중류(백년교),7.9,3.5,2.3999999999999773,7.498,0.046,2017-12-01,3.449,,,
원천천_상류(원천교),7.7,2.1300000000000026,7.999999999999972,4.040186915887849,0.0791783567134267,2017-01-01,3.5,,,
원천천_상류(원천교),6.8,2.1,5.2000000000000455,3.095104895104895,0.0301785714285714,2017-02-01,1.824,,,
원천천_상류(원천교),7.6,5.6,5.600000000000023,12.581395348837209,0.1297715988083416,2017-03-01,4.875,,,
원천천_상류(원천교),7.2,3.5,3.8000000000000114,7.327,0.149,2017-04-01,4.958,,,
원천천_상류(원천교),7.9,2.385000000000001,4.399999999999977,4.299,0.32,2017-05-01,3.422,,,
원천천_상류(원천교),7.9,4.3,6.0,3.244,0.065,2017-06-01,5.432,,,
원천천_상류(원천교),7.4,4.0,12.0,2.773,0.065,2017-07-01,5.504,,,
원천천_상류(원천교),7.4,3.1,7.999999999999972,1.763,0.026,2017-08-01,2.089,,,
원천천_상류(원천교),7.8,1.4,2.8,2.73,0.052,2017-09-01,2.5,,,
원천천_상류(원천교),7.9,4.5,3.500000000000014,3.992,0.073,2017-10-01,2.63,,,
원천천_상류(원천교),7.7,1.6,4.399999999999977,3.514,0.11,2017-11-01,2.787,,,
원천천_상류(원천교),7.9,3.5,4.399999999999977,6.194,0.07,2017-12-01,3.081,,,
중보교_합류(서호천합류점),7.9,3.900000000000002,18.0,9.199065420560746,0.1098396793587173,2017-01-01,4.0,,,
중보교_합류(서호천합류점),7.2,8.1,10.500000000000044,36.31528662420382,4.232281427832385,2017-02-01,9.305,,,
중보교_합류(서호천합류점),7.7,11.1,16.399999999999977,36.48837209302325,3.803773584905661,2017-03-01,11.49,,,
중보교_합류(서호천합류점),8.0,5.625000000000001,32.400000000000034,19.493,4.098,2017-04-01,7.864,,,
중보교_합류(서호천합류점),8.0,5.580000000000001,4.399999999999977,9.54,1.53,2017-05-01,6.234,,,
중보교_합류(서호천합류점),8.4,4.7,8.800000000000011,1.521,1.137,2017-06-01,13.2,,,
중보교_합류(서호천합류점),6.8,4.3,8.0,4.334,0.563,2017-07-01,9.413,,,
중보교_합류(서호천합류점),8.1,3.6,0.9999999999999432,5.288,0.668,2017-08-01,3.208,,,
중보교_합류(서호천합류점),7.7,5.9,16.0,9.44,0.82,2017-09-01,3.0,,,
중보교_합류(서호천합류점),7.8,5.4,11.000000000000089,2.692,1.072,2017-10-01,3.286,,,
중보교_합류(서호천합류점),8.3,5.6,20.0,9.628,0.842,2017-11-01,3.98,,,
중보교_합류(서호천합류점),8.1,11.3,61.99999999999989,16.69,1.485,2017-12-01,8.9,,,
영화천,7.1,1.6349999999999998,7.000000000000028,8.07399794450154,0.0347208121827412,2017-01-01,3.6,,,
영화천,7.1,2.5,6.0,7.84055944055944,0.0426785714285714,2017-02-01,3.918,,,
영화천,7.1,2.0,2.3999999999999773,5.406982156710628,0.031769955379276,2017-03-01,3.456,,,
영화천,7.3,2.414999999999999,6.0,7.013,0.043,2017-04-01,3.754,,,
영화천,7.7,2.4750000000000005,5.599999999999965,6.57,0.06,2017-05-01,2.994,,,
영화천,7.6,3.3,5.1999999999999895,5.71,0.035,2017-06-01,5.591,,,
영화천,7.4,3.5,0.3999999999999772,4.122,0.519,2017-07-01,6.932,,,
영화천,7.9,1.6,0.3999999999999772,5.182,0.015,2017-08-01,2.566,,,
영화천,8.0,3.4,2.0,5.66,0.026,2017-09-01,2.9,,,
영화천,8.1,5.1,4.500000000000028,6.964,0.019,2017-10-01,3.055,,,
영화천,8.0,2.1,11.999999999999886,7.372,0.028,2017-11-01,3.2,,,
영화천,8.1,2.3,12.800000000000011,6.604,0.02,2017-12-01,3.043,,,
서호천_하류(중보교),7.9,3.960000000000001,15.0,7.993457943925233,0.0936072144288576,2017-01-01,3.7,,,
서호천_하류(중보교),7.3,5.8,6.000000000000013,7.721656050955413,0.0497258147956543,2017-02-01,3.808,,,
서호천_하류(중보교),7.3,2.4,2.0,6.916943521594683,0.0260973187686197,2017-03-01,3.434,,,
서호천_하류(중보교),7.9,2.925,6.8000000000000105,6.295,0.057,2017-04-01,3.813,,,
서호천_하류(중보교),8.0,1.4699999999999995,4.399999999999977,4.502,0.027,2017-05-01,3.156,,,
서호천_하류(중보교),7.9,3.8,7.599999999999965,3.438,0.038,2017-06-01,5.411,,,
서호천_하류(중보교),7.2,4.5,9.60000000000002,3.197,0.098,2017-07-01,4.517,,,
서호천_하류(중보교),7.9,4.8,4.000000000000057,3.627,0.09,2017-08-01,2.893,,,
서호천_하류(중보교),7.8,4.0,13.0,3.76,0.065,2017-09-01,2.9,,,
서호천_하류(중보교),7.8,4.1,7.5,4.481,0.214,2017-10-01,1.887,,,
서호천_하류(중보교),8.1,1.8,1.599999999999966,3.482,0.024,2017-11-01,1.472,,,
서호천_하류(중보교),8.0,4.3,10.999999999999943,4.5440000000000005,0.078,2017-12-01,2.25,,,
일월저수지_유하후,6.8,2.594999999999997,0.9999999999999432,9.979856115107912,0.0365482233502539,2017-01-01,4.0,,,
일월저수지_유하후,7.1,4.1,2.0000000000000284,9.10646041856233,0.0609001551991722,2017-02-01,4.249,,,
일월저수지_유하후,6.9,1.4,4.400000000000035,7.085891610329157,0.1406445215666831,2017-03-01,4.774,,,
일월저수지_유하후,7.2,1.7,3.400000000000005,7.943,0.103,2017-04-01,4.096,,,
일월저수지_유하후,7.6,0.330000000000001,1.1999999999999886,8.134,0.044,2017-05-01,3.341,,,
일월저수지_유하후,7.5,0.8,0.4000000000000341,7.58,0.025,2017-06-01,6.11,,,
일월저수지_유하후,6.6,1.9,1.1999999999999886,6.084,0.948,2017-07-01,6.917,,,
일월저수지_유하후,7.7,1.7,1.0000000000000853,6.262,0.015,2017-08-01,2.571,,,
일월저수지_유하후,7.3,0.4,0.4,7.01,0.02,2017-09-01,3.1,,,
일월저수지_유하후,7.1,3.2,13.000000000000114,5.152,0.071,2017-10-01,3.3,,,
일월저수지_유하후,7.3,0.8,0.3999999999999772,9.538,0.092,2017-11-01,3.162,,,
일월저수지_유하후,7.4,1.9,0.4000000000000341,8.752,0.012,2017-12-01,3.334,,,
황구지천_중류(오목천교),7.2,4.23,7.999999999999972,6.563551401869158,0.1549298597194388,2017-01-01,3.9,,,
황구지천_중류(오목천교),7.4,5.2,2.5,5.428662420382166,0.0869736161407138,2017-02-01,3.543,,,
황구지천_중류(오목천교),7.4,4.3,8.399999999999979,5.999999999999998,0.1404965243296922,2017-03-01,4.065,,,
황구지천_중류(오목천교),8.2,8.864999999999998,23.600000000000023,1.715,0.068,2017-04-01,4.543,,,
황구지천_중류(오목천교),8.5,8.985,13.199999999999989,3.911,0.19,2017-05-01,4.749,,,
황구지천_중류(오목천교),8.3,11.4,23.20000000000004,6.07,0.035,2017-06-01,12.0,,,
황구지천_중류(오목천교),7.3,7.2,15.0,2.248,0.092,2017-07-01,7.934,,,
황구지천_중류(오목천교),8.1,7.6,12.000000000000028,2.399,0.073,2017-08-01,2.921,,,
황구지천_중류(오목천교),7.7,4.1,11.0,3.14,0.053,2017-09-01,2.6,,,
황구지천_중류(오목천교),7.6,3.4,9.500000000000028,2.839,0.076,2017-10-01,2.593,,,
황구지천_중류(오목천교),7.8,3.0,5.0,4.238,0.065,2017-11-01,2.858,,,
황구지천_중류(오목천교),7.9,4.2,4.0,4.484,0.048,2017-12-01,2.732,,,
왕송저수지_유하후,7.9,4.529999999999999,20.0,4.497430626927029,0.129746192893401,2017-01-01,5.5,,,
왕송저수지_유하후,7.1,7.4,9.499999999999956,4.167515923566878,0.0180651836523538,2017-02-01,4.869,,,
왕송저수지_유하후,6.7,3.0,14.400000000000034,4.053640695999112,0.0424789291026276,2017-03-01,3.875,,,
왕송저수지_유하후,7.5,5.8,17.19999999999999,5.455,0.06,2017-04-01,4.656,,,
왕송저수지_유하후,8.3,6.719999999999999,6.0,2.195,0.075,2017-05-01,3.157,,,
왕송저수지_유하후,7.8,8.8,13.199999999999989,1.94,0.108,2017-06-01,7.074,,,
왕송저수지_유하후,7.5,8.4,12.0,2.82,0.145,2017-07-01,9.083,,,
왕송저수지_유하후,7.9,6.4,17.00000000000003,1.77,0.06,2017-08-01,3.69,,,
왕송저수지_유하후,7.8,3.1,12.0,1.67,0.063,2017-09-01,3.7,,,
왕송저수지_유하후,6.9,4.2,18.999999999999915,1.665,0.067,2017-10-01,3.5,,,
왕송저수지_유하후,7.5,3.4,7.999999999999972,1.692,0.189,2017-11-01,3.707,,,
왕송저수지_유하후,7.7,5.3,5.1999999999999895,2.713,0.049,2017-12-01,3.299,,,
호매실천,7.6,1.1700000000000017,2.0000000000000284,2.5266187050359714,0.0365482233502539,2017-01-01,1.8,,,
호매실천,7.4,4.1,2.999999999999972,2.771656050955414,0.0813864459389549,2017-02-01,1.978,,,
호매실천,8.1,1.2,1.1999999999999886,2.1095422808378586,0.0174913237481407,2017-03-01,2.308,,,
호매실천,7.9,2.115,2.800000000000012,2.464,0.042,2017-04-01,1.677,,,
호매실천,7.9,3.8849999999999993,10.800000000000011,2.56,0.104,2017-05-01,3.348,,,
호매실천,8.3,3.2,3.6000000000000227,2.063,0.091,2017-06-01,9.582,,,
호매실천,7.1,3.6,11.200000000000044,3.141,0.102,2017-07-01,6.566,,,
호매실천,7.8,2.8,1.599999999999966,2.346,0.014,2017-08-01,3.013,,,
호매실천,7.9,1.8,4.0,2.92,0.019,2017-09-01,1.3,,,
호매실천,7.4,1.5,6.499999999999987,2.401,0.024,2017-10-01,0.7012,,,
호매실천,7.8,0.8,0.4000000000000341,2.32,0.057,2017-11-01,0.6891,,,
호매실천,7.7,2.1,19.59999999999997,2.382,0.045,2017-12-01,0.6387,,,
서호천_상류(배다리교),7.0,1.6799999999999988,0.9999999999999432,11.529976019184652,0.0201015228426396,2017-01-01,3.9,,,
서호천_상류(배다리교),7.1,0.9,1.599999999999966,8.043956043956044,0.02125,2017-02-01,4.301,,,
서호천_상류(배다리교),7.4,1.5,4.400000000000035,8.163138645683253,0.0371244422409518,2017-03-01,4.303,,,
서호천_상류(배다리교),7.6,2.4,6.599999999999994,10.087,0.02,2017-04-01,4.011,,,
서호천_상류(배다리교),8.2,1.6950000000000012,0.8000000000000114,8.52,0.038,2017-05-01,3.408,,,
서호천_상류(배다리교),7.7,1.8,0.8000000000000114,8.48,0.03,2017-06-01,5.873,,,
서호천_상류(배다리교),7.7,2.2,1.599999999999966,5.926,0.44,2017-07-01,6.437,,,
서호천_상류(배다리교),8.2,2.7,0.5000000000000426,6.536,0.022,2017-08-01,2.437,,,
서호천_상류(배다리교),7.9,2.3,0.4,6.08,0.0,2017-09-01,2.8,,,
서호천_상류(배다리교),7.9,0.8,3.000000000000042,9.2,0.01,2017-10-01,3.222,,,
서호천_상류(배다리교),7.9,1.0,1.3333333333333524,9.18,0.015,2017-11-01,3.055,,,
서호천_상류(배다리교),8.0,1.1,2.800000000000012,8.528,0.008,2017-12-01,3.132,,,
황구지천_상류(금곡교),7.7,3.4199999999999964,7.999999999999972,6.452603471295059,0.0683567134268536,2017-01-01,3.7,,,
황구지천_상류(금곡교),7.3,5.6,10.499999999999972,6.259872611464968,0.0441386445938954,2017-02-01,3.977,,,
황구지천_상류(금곡교),8.2,3.3,3.6000000000000227,5.825911559348332,0.054972731779871,2017-03-01,4.237,,,
황구지천_상류(금곡교),7.3,5.609999999999999,20.399999999999977,7.042,0.07,2017-04-01,4.197,,,
황구지천_상류(금곡교),7.8,4.395,14.799999999999956,4.148,0.102,2017-05-01,4.042,,,
황구지천_상류(금곡교),8.2,4.4,23.19999999999999,4.888,0.061,2017-06-01,7.674,,,
황구지천_상류(금곡교),7.4,5.1,10.0,3.247,0.144,2017-07-01,7.527,,,
황구지천_상류(금곡교),8.1,2.3,3.9999999999999134,2.89,0.061,2017-08-01,2.52,,,
황구지천_상류(금곡교),7.7,3.5,10.0,3.06,0.072,2017-09-01,2.9,,,
황구지천_상류(금곡교),7.4,3.2,8.999999999999986,3.95,0.05,2017-10-01,2.436,,,
황구지천_상류(금곡교),7.9,4.1,0.9999999999999432,4.161,0.077,2017-11-01,2.417,,,
황구지천_상류(금곡교),7.7,5.7,10.39999999999998,4.976,0.024,2017-12-01,2.349,,,
수원천_상류(연화교),7.4,7.199999999999999,1.4285714285713471,3.777570093457944,0.0,2017-01-01,1.5,,,
수원천_상류(연화교),6.9,1.2,0.8000000000000114,4.102097902097902,0.0194642857142857,2017-02-01,4.365,,,
수원천_상류(연화교),7.6,1.0,0.3999999999999772,2.993023255813953,0.0117974180734856,2017-03-01,1.896,,,
수원천_상류(연화교),7.6,1.6,16.052631578947356,2.904,0.049,2017-04-01,2.797,,,
수원천_상류(연화교),7.8,3.7200000000000006,1.0000000000000853,1.814,0.015,2017-05-01,1.392,,,
수원천_상류(연화교),7.4,2.8,2.3999999999999773,1.653,0.015,2017-06-01,3.76,,,
수원천_상류(연화교),7.5,3.1,1.2000000000000457,3.719,0.017,2017-07-01,3.912,,,
수원천_상류(연화교),7.1,3.8,2.0000000000000284,2.7,0.027,2017-08-01,1.75,,,
수원천_상류(연화교),7.7,4.6,1.0,3.22,0.081,2017-09-01,2.6,,,
수원천_상류(연화교),7.6,2.7,0.7999999999999545,3.488,0.014,2017-10-01,2.122,,,
수원천_상류(연화교),7.8,2.6,1.6000000000000227,2.299,0.009,2017-11-01,1.409,,,
수원천_상류(연화교),7.7,2.1,2.0,2.858,0.012,2017-12-01,1.49,,,
수원천_하류(새터교),8.4,2.5799999999999983,3.0000000000001137,7.493991989319092,0.0,2017-01-01,1.8,,,
수원천_하류(새터교),7.5,4.1,2.5,8.753503184713377,0.0664873254009311,2017-02-01,1.982,,,
수원천_하류(새터교),7.5,2.0,2.0,6.516279069767441,0.0225223435948362,2017-03-01,1.748,,,
수원천_하류(새터교),7.7,1.1849999999999987,4.8000000000000105,6.153,0.017,2017-04-01,1.952,,,
수원천_하류(새터교),7.9,0.719999999999998,10.0,4.174,0.017,2017-05-01,1.663,,,
수원천_하류(새터교),7.8,3.3,16.80000000000001,2.847,0.042,2017-06-01,2.973,,,
수원천_하류(새터교),7.7,3.8,3.6000000000000227,4.655,0.044,2017-07-01,4.119,,,
수원천_하류(새터교),8.0,2.3,0.4999999999999716,6.42,0.038,2017-08-01,1.465,,,
수원천_하류(새터교),8.1,1.9,0.4,6.98,0.046,2017-09-01,1.7,,,
수원천_하류(새터교),8.0,0.6,1.2000000000000457,5.906,0.042,2017-10-01,1.217,,,
수원천_하류(새터교),8.0,1.3,1.1999999999999886,5.836,0.006,2017-11-01,1.18,,,
수원천_하류(새터교),7.8,1.8,1.1999999999999886,5.91,0.022,2017-12-01,1.347,,,
서호천_중류(화산교),8.1,1.0349999999999993,1.9999999999998863,8.988009592326138,0.0328934010152285,2017-01-01,4.0,,,
서호천_중류(화산교),7.3,1.7,2.400000000000034,8.403596403596403,0.0301785714285714,2017-02-01,1.561,,,
서호천_중류(화산교),7.6,1.9,2.800000000000012,7.963648453951014,0.0228458106098165,2017-03-01,4.118,,,
서호천_중류(화산교),7.8,3.0,8.400000000000006,7.828,0.086,2017-04-01,4.436,,,
서호천_중류(화산교),8.3,2.3699999999999988,4.400000000000035,6.674,0.039,2017-05-01,3.414,,,
서호천_중류(화산교),7.5,1.2,4.0,6.85,0.05,2017-06-01,5.789,,,
서호천_중류(화산교),7.6,1.8,1.1999999999999886,3.647,0.428,2017-07-01,6.211,,,
서호천_중류(화산교),7.6,0.3,0.9999999999999432,5.168,0.04,2017-08-01,2.476,,,
서호천_중류(화산교),7.8,1.3,1.6,5.63,0.048,2017-09-01,2.9,,,
서호천_중류(화산교),7.9,2.2,5.0,8.118,0.025,2017-10-01,2.958,,,
서호천_중류(화산교),7.9,2.3,0.4999999999999716,8.358,0.034,2017-11-01,3.197,,,
서호천_중류(화산교),8.1,3.2,2.800000000000012,7.27,0.026,2017-12-01,3.191,,,
서호천_상류(앞),7.5,2.280000000000002,10.999999999999943,11.482014388489208,0.0402030456852792,2017-01-01,3.9,,,
서호천_상류(앞),7.1,1.1,0.7999999999999545,9.52247752247752,0.0176785714285714,2017-02-01,3.193,,,
서호천_상류(앞),7.2,1.4,2.3999999999999773,7.604566108832982,0.0210609816559245,2017-03-01,4.096,,,
서호천_상류(앞),7.8,1.7,2.800000000000012,8.784,0.013,2017-04-01,4.006,,,
서호천_상류(앞),8.1,2.01,4.399999999999977,7.434,0.017,2017-05-01,3.436,,,
서호천_상류(앞),7.8,1.9,2.3999999999999773,7.52,0.03,2017-06-01,5.799,,,
서호천_상류(앞),7.6,2.5,0.4000000000000341,4.867,0.422,2017-07-01,6.352,,,
서호천_상류(앞),8.1,1.1,0.8000000000000114,6.064,0.013,2017-08-01,2.491,,,
서호천_상류(앞),8.0,3.5,1.6,6.24,0.014,2017-09-01,2.9,,,
서호천_상류(앞),8.1,2.1,2.999999999999972,9.03,0.011,2017-10-01,3.168,,,
서호천_상류(앞),8.0,1.1,0.9999999999999432,8.968,0.006,2017-11-01,3.066,,,
서호천_상류(앞),8.1,2.0,2.400000000000034,7.936,0.018,2017-12-01,3.118,,,
수원천_중류(매세교),8.1,2.4,0.4,7.73,0.116,2018-01-01,1.6,,,
수원천_중류(매세교),8.2,2.8,0.4,5.27,0.09,2018-02-01,1.7,,,
수원천_중류(매세교),8.0,3.5,1.2,4.1,0.041,2018-03-01,2.002,,,
수원천_중류(매세교),8.1,4.259999999999998,4.8,3.907,0.046,2018-04-01,1.731,,,
수원천_중류(매세교),7.6,1.9799999999999995,11.5,3.648,0.026,2018-05-01,1.952,,,
수원천_중류(매세교),8.2,3.27,8.0,2.68,0.022,2018-06-01,2.478,,,
수원천_중류(매세교),8.1,2.4,0.8,6.69,0.112,2018-07-01,1.8,,,
수원천_중류(매세교),8.3,1.0700000000000005,3.2,3.988,0.06,2018-08-01,1.653,,,
수원천_중류(매세교),8.0,0.8,1.2,5.82,0.051,2018-09-01,1.691,,,
수원천_중류(매세교),8.2,1.5,9.000000000000057,3.476,0.089,2018-10-01,1.786,,,
수원천_중류(매세교),7.7,1.5,7.599999999999965,2.262,0.033,2018-11-01,2.337,,,
수원천_중류(매세교),7.4,0.9700000000000004,2.5,5.646,0.048,2018-12-01,1.475,,,
원천천_하류(대황교),7.2,1.1,6.4,3.01,0.081,2018-01-01,2.2,,,
원천천_하류(대황교),7.6,1.3,2.8,4.86,0.046,2018-02-01,2.7,,,
원천천_하류(대황교),7.5,2.7899999999999987,2.4,6.91,0.077,2018-03-01,4.27,,,
원천천_하류(대황교),7.4,3.7350000000000008,8.0,2.28,0.063,2018-04-01,2.844,,,
원천천_하류(대황교),7.6,1.0199999999999996,3.6,2.354,0.163,2018-05-01,3.039,,,
원천천_하류(대황교),7.9,2.749999999999999,10.0,2.954,0.057,2018-06-01,3.122,,,
원천천_하류(대황교),7.8,2.1,4.0,2.58,0.256,2018-07-01,2.3,,,
원천천_하류(대황교),7.7,1.3800000000000008,3.6,0.718,0.065,2018-08-01,2.587,,,
원천천_하류(대황교),7.9,2.6,4.0,2.21,0.046,2018-09-01,2.777,,,
원천천_하류(대황교),7.2,1.2,1.1999999999999886,2.306,0.14,2018-10-01,3.396,,,
원천천_하류(대황교),7.2,1.9,1.599999999999966,3.925,0.049,2018-11-01,2.52,,,
원천천_하류(대황교),7.5,1.7899999999999991,0.4999999999999716,2.042,0.038,2018-12-01,2.832,,,
서호천_중류(한마루교),7.6,4.9,7.6,8.44,0.055,2018-01-01,3.9,,,
서호천_중류(한마루교),7.6,5.0,4.8,6.51,0.04,2018-02-01,4.2,,,
서호천_중류(한마루교),8.3,3.495,4.4,4.09,0.032,2018-03-01,4.222,,,
서호천_중류(한마루교),8.3,3.1650000000000005,7.6,5.46,0.015,2018-04-01,3.963,,,
서호천_중류(한마루교),8.3,2.1000000000000005,3.0,5.186,0.026,2018-05-01,3.981,,,
서호천_중류(한마루교),8.2,3.34,2.3999999999999773,5.894,0.054,2018-06-01,3.871,,,
서호천_중류(한마루교),7.4,2.5,6.4,3.8,0.299,2018-07-01,3.4,,,
서호천_중류(한마루교),8.6,2.0100000000000007,6.4,4.517,0.073,2018-08-01,3.831,,,
서호천_중류(한마루교),8.5,1.5,5.6,5.31,0.133,2018-09-01,3.359,,,
서호천_중류(한마루교),7.9,2.5,3.1999999999999886,5.824,0.082,2018-10-01,3.903,,,
서호천_중류(한마루교),7.4,2.4,3.1999999999999886,3.353,0.044,2018-11-01,4.858,,,
서호천_중류(한마루교),7.4,1.42,4.500000000000028,5.176,0.017,2018-12-01,3.036,,,
여천,7.8,1.3,1.6,1.23,0.042,2018-01-01,1.7,,,
여천,7.9,1.5,6.4,1.3,0.104,2018-02-01,2.1,,,
여천,8.0,1.6,2.8,0.91,0.041,2018-03-01,1.836,,,
여천,8.3,3.435,11.2,1.85,0.025,2018-04-01,1.831,,,
여천,8.3,1.54,6.5,1.0,0.138,2018-05-01,2.062,,,
여천,7.8,2.21,5.1999999999999895,1.68,0.031,2018-06-01,1.742,,,
여천,8.2,2.2,3.2,1.14,0.033,2018-07-01,1.5,,,
여천,7.8,1.13,4.8,1.069,0.039,2018-08-01,1.389,,,
여천,8.2,1.2,1.6,1.44,0.02,2018-09-01,1.676,,,
여천,7.9,1.9,3.200000000000045,0.641,0.142,2018-10-01,2.243,,,
여천,7.0,1.8,3.000000000000042,1.271,0.047,2018-11-01,1.696,,,
여천,7.0,0.4699999999999988,0.4999999999999716,1.395,0.069,2018-12-01,1.623,,,
황구지천_하류(기안교),7.8,4.5,33.2,8.81,0.192,2018-01-01,3.2,,,
황구지천_하류(기안교),7.8,4.7,12.8,5.53,0.048,2018-02-01,3.3,,,
황구지천_하류(기안교),7.8,5.984999999999999,12.8,4.05,0.067,2018-03-01,3.727,,,
황구지천_하류(기안교),7.8,6.210000000000001,6.0,3.04,0.045,2018-04-01,2.97,,,
황구지천_하류(기안교),7.9,6.042857142857144,15.0,2.928,0.036,2018-05-01,4.61,,,
황구지천_하류(기안교),7.8,5.1,23.19999999999999,2.446,0.138,2018-06-01,4.684,,,
황구지천_하류(기안교),8.6,7.3,12.8,2.46,0.088,2018-07-01,2.8,,,
황구지천_하류(기안교),8.9,6.659999999999999,17.0,1.866,0.194,2018-08-01,4.323,,,
황구지천_하류(기안교),9.0,5.655000000000001,18.5,2.03,0.127,2018-09-01,3.658,,,
황구지천_하류(기안교),7.5,6.48,6.999999999999886,2.289,0.123,2018-10-01,3.309,,,
황구지천_하류(기안교),7.0,3.6,6.499999999999987,4.079,0.181,2018-11-01,4.191,,,
황구지천_하류(기안교),7.2,6.1,9.000000000000057,6.426,0.171,2018-12-01,4.026,,,
서호천_하류(농대교),7.3,4.1,13.2,7.56,0.038,2018-01-01,6.0,,,
서호천_하류(농대교),8.1,5.1,10.4,7.06,0.032,2018-02-01,6.2,,,
서호천_하류(농대교),7.3,4.8,5.6,3.72,0.056,2018-03-01,3.414,,,
서호천_하류(농대교),8.1,4.41,15.6,4.57,0.054,2018-04-01,4.028,,,
서호천_하류(농대교),8.8,5.01,10.0,5.376,0.018,2018-05-01,4.298,,,
서호천_하류(농대교),8.0,6.3,16.399999999999977,7.936,0.134,2018-06-01,5.877,,,
서호천_하류(농대교),7.5,8.8,30.4,4.6,0.325,2018-07-01,4.3,,,
서호천_하류(농대교),9.1,7.980000000000003,38.0,4.751,0.253,2018-08-01,5.554,,,
서호천_하류(농대교),8.4,6.359999999999998,21.5,4.133,0.141,2018-09-01,3.957,,,
서호천_하류(농대교),8.3,6.090000000000003,23.00000000000012,5.366,0.099,2018-10-01,4.194,,,
서호천_하류(농대교),8.4,2.01,25.999999999999947,4.865,0.095,2018-11-01,4.669,,,
서호천_하류(농대교),7.7,4.395,15.999999999999943,6.01,0.039,2018-12-01,3.384,,,
가산천,7.8,2.2,0.4,6.67,0.051,2018-01-01,2.4,,,
가산천,7.8,1.7,1.2,4.07,0.056,2018-02-01,2.6,,,
가산천,7.8,1.4,0.4,3.39,0.031,2018-03-01,2.308,,,
가산천,8.3,2.939999999999999,2.8,6.62,0.025,2018-04-01,2.523,,,
가산천,7.9,1.2500000000000009,2.0,5.02,0.094,2018-05-01,2.115,,,
가산천,7.9,2.17,2.3999999999999773,2.663,0.027,2018-06-01,1.768,,,
가산천,8.4,2.6,5.6,3.34,0.034,2018-07-01,2.0,,,
가산천,8.6,1.3000000000000007,3.6,5.202,0.034,2018-08-01,1.688,,,
가산천,8.3,1.5,1.2,4.52,0.029,2018-09-01,2.671,,,
가산천,7.8,2.3,0.8000000000000114,4.858,0.082,2018-10-01,3.503,,,
가산천,7.1,2.0,2.3999999999999773,6.92,0.02,2018-11-01,2.301,,,
가산천,9.1,5.100000000000003,21.99999999999996,6.788,0.235,2018-12-01,6.766,,,
원천천_중류(백년교),7.1,2.5,2.8,6.94,0.094,2018-01-01,3.8,,,
원천천_중류(백년교),8.0,2.6,3.2,5.15,0.048,2018-02-01,3.6,,,
원천천_중류(백년교),8.1,3.9,3.2,3.76,0.108,2018-03-01,3.637,,,
원천천_중류(백년교),8.0,5.565000000000001,3.6,3.494,0.025,2018-04-01,3.212,,,
원천천_중류(백년교),7.6,1.9899999999999995,4.0,2.174,0.078,2018-05-01,2.536,,,
원천천_중류(백년교),7.9,3.03,7.600000000000023,2.877,0.037,2018-06-01,2.983,,,
원천천_중류(백년교),8.5,3.1,4.0,2.86,0.132,2018-07-01,2.6,,,
원천천_중류(백년교),8.1,2.3200000000000003,6.0,2.228,0.15,2018-08-01,2.411,,,
원천천_중류(백년교),8.4,2.2,5.2,2.84,0.034,2018-09-01,2.765,,,
원천천_중류(백년교),7.4,1.0,7.1999999999999895,2.952,0.065,2018-10-01,1.306,,,
원천천_중류(백년교),7.5,1.7599999999999996,3.599999999999966,2.593,0.043,2018-11-01,2.897,,,
원천천_중류(백년교),7.3,1.0300000000000011,3.000000000000042,4.296,0.041,2018-12-01,3.278,,,
원천천_상류(원천교),7.5,5.4,5.6,7.67,0.07,2018-01-01,4.1,,,
원천천_상류(원천교),7.8,1.5,4.4,6.77,0.028,2018-02-01,4.2,,,
원천천_상류(원천교),7.7,8.7,4.0,3.98,0.283,2018-03-01,3.681,,,
원천천_상류(원천교),8.1,3.1499999999999995,5.6,4.88,0.046,2018-04-01,3.143,,,
원천천_상류(원천교),7.7,1.8,2.5,2.39,0.228,2018-05-01,2.729,,,
원천천_상류(원천교),7.7,3.4000000000000004,12.800000000000011,2.135,0.073,2018-06-01,2.97,,,
원천천_상류(원천교),7.6,3.0,2.8,2.95,0.065,2018-07-01,2.6,,,
원천천_상류(원천교),7.6,2.1499999999999995,5.2,2.477,0.132,2018-08-01,2.822,,,
원천천_상류(원천교),7.5,1.7900000000000007,3.6,4.2,0.033,2018-09-01,3.338,,,
원천천_상류(원천교),7.3,2.209999999999999,3.6000000000000227,2.727,0.075,2018-10-01,1.476,,,
원천천_상류(원천교),7.1,2.0,4.400000000000035,3.174,0.048,2018-11-01,3.358,,,
원천천_상류(원천교),7.3,1.759999999999999,1.9999999999999567,3.256,0.049,2018-12-01,3.083,,,
중보교_합류(서호천합류점),,,,,,2018-01-01,,,,
중보교_합류(서호천합류점),7.9,8.2,50.0,19.47,1.055,2018-02-01,4.7,,,
중보교_합류(서호천합류점),7.6,8.700000000000001,6.8,11.93,1.4,2018-03-01,5.443,,,
중보교_합류(서호천합류점),7.4,8.75,8.4,16.14,3.42,2018-04-01,8.437,,,
중보교_합류(서호천합류점),8.6,6.119999999999997,8.0,4.524,0.087,2018-05-01,4.227,,,
중보교_합류(서호천합류점),8.1,6.93,10.0,4.312,0.121,2018-06-01,5.0,,,
중보교_합류(서호천합류점),8.5,5.4,12.8,4.01,0.077,2018-07-01,3.1,,,
중보교_합류(서호천합류점),8.4,6.224999999999997,19.0,3.515,0.166,2018-08-01,4.128,,,
중보교_합류(서호천합류점),8.7,5.5,17.5,3.871,0.097,2018-09-01,3.302,,,
중보교_합류(서호천합류점),7.9,6.449999999999996,20.999999999999947,4.529,0.101,2018-10-01,3.871,,,
중보교_합류(서호천합류점),7.1,2.0,4.399999999999977,3.528,0.049,2018-11-01,2.275,,,
중보교_합류(서호천합류점),7.3,5.119999999999999,1.6000000000000227,7.674,0.146,2018-12-01,3.149,,,
영화천,7.7,3.3,9.2,8.06,0.048,2018-01-01,3.3,,,
영화천,7.5,3.2,6.0,6.33,0.034,2018-02-01,4.1,,,
영화천,7.7,6.660000000000001,6.4,4.15,0.029,2018-03-01,4.2,,,
영화천,8.2,5.2200000000000015,8.0,5.44,0.04,2018-04-01,3.849,,,
영화천,7.9,2.1900000000000013,15.5,3.07,0.041,2018-05-01,4.106,,,
영화천,8.1,2.9300000000000006,1.6000000000000227,5.144,0.049,2018-06-01,3.783,,,
영화천,7.6,3.1,4.4,9.05,0.072,2018-07-01,2.8,,,
영화천,7.8,2.2300000000000004,11.2,3.932,0.073,2018-08-01,2.995,,,
영화천,7.3,1.3,4.8,5.3,0.133,2018-09-01,2.942,,,
영화천,7.4,3.1,6.8000000000000105,4.436,0.59,2018-10-01,3.722,,,
영화천,7.2,1.5,30.500000000000043,3.256,0.046,2018-11-01,4.87,,,
영화천,7.4,1.67,3.500000000000014,5.212,0.01,2018-12-01,3.046,,,
서호천_하류(중보교),7.9,5.0,10.0,6.36,0.026,2018-01-01,4.1,,,
서호천_하류(중보교),8.0,5.5,10.8,6.84,0.042,2018-02-01,4.9,,,
서호천_하류(중보교),7.7,2.160000000000002,1.2,2.73,0.086,2018-03-01,1.722,,,
서호천_하류(중보교),7.8,4.31,14.0,4.7,0.02,2018-04-01,3.493,,,
서호천_하류(중보교),7.4,2.3999999999999995,6.8,3.374,0.051,2018-05-01,1.891,,,
서호천_하류(중보교),8.4,4.4,9.199999999999989,4.462,0.111,2018-06-01,5.643,,,
서호천_하류(중보교),7.5,6.4,21.6,4.0,0.268,2018-07-01,3.4,,,
서호천_하류(중보교),8.2,4.499999999999997,9.0,3.175,0.178,2018-08-01,4.065,,,
서호천_하류(중보교),8.3,3.7800000000000007,9.2,4.081,0.089,2018-09-01,3.26,,,
서호천_하류(중보교),7.8,4.860000000000003,19.000000000000057,4.398,0.091,2018-10-01,3.667,,,
서호천_하류(중보교),8.0,6.390000000000002,18.999999999999915,4.792,0.07,2018-11-01,4.12,,,
서호천_하류(중보교),7.2,2.750000000000001,5.0,4.69,0.069,2018-12-01,2.863,,,
일월저수지_유하후,6.8,1.8,2.8,11.86,0.014,2018-01-01,3.8,,,
일월저수지_유하후,7.4,4.2,4.0,8.02,0.026,2018-02-01,4.0,,,
일월저수지_유하후,7.0,2.37,3.6,4.55,0.042,2018-03-01,4.279,,,
일월저수지_유하후,7.3,3.705000000000001,2.0,7.64,0.068,2018-04-01,4.081,,,
일월저수지_유하후,7.1,1.7,1.2,4.261,0.022,2018-05-01,3.613,,,
일월저수지_유하후,7.0,1.5499999999999998,1.6000000000000227,5.292,0.051,2018-06-01,3.647,,,
일월저수지_유하후,6.9,2.4,1.2,3.14,0.017,2018-07-01,3.2,,,
일월저수지_유하후,6.9,0.7800000000000002,0.4,7.582,0.032,2018-08-01,3.333,,,
일월저수지_유하후,6.9,0.9,1.2,6.95,0.292,2018-09-01,3.296,,,
일월저수지_유하후,6.8,1.9,0.4000000000000341,6.8,0.109,2018-10-01,3.906,,,
일월저수지_유하후,6.5,2.1,0.8000000000000114,3.665,0.037,2018-11-01,4.246,,,
일월저수지_유하후,7.3,0.75,1.4999999999999858,5.892,0.003,2018-12-01,3.427,,,
황구지천_중류(오목천교),7.8,10.5,10.0,7.47,0.06,2018-01-01,3.2,,,
황구지천_중류(오목천교),7.7,3.5,1.6,5.54,0.042,2018-02-01,3.2,,,
황구지천_중류(오목천교),7.5,4.395000000000001,6.0,3.63,0.047,2018-03-01,3.816,,,
황구지천_중류(오목천교),7.7,6.030000000000001,7.6,3.22,0.03,2018-04-01,3.404,,,
황구지천_중류(오목천교),7.7,5.5,23.0,3.428,0.026,2018-05-01,4.808,,,
황구지천_중류(오목천교),7.6,4.9,15.199999999999989,2.577,0.122,2018-06-01,5.0143,,,
황구지천_중류(오목천교),7.7,3.6,4.4,2.97,0.069,2018-07-01,2.9,,,
황구지천_중류(오목천교),7.7,3.3599999999999977,14.0,1.738,0.138,2018-08-01,4.041,,,
황구지천_중류(오목천교),7.8,6.419999999999999,15.5,2.174,0.113,2018-09-01,3.555,,,
황구지천_중류(오목천교),7.1,2.0,7.1999999999999895,2.979,0.104,2018-10-01,3.01,,,
황구지천_중류(오목천교),7.1,2.1,7.1999999999999895,4.47,0.086,2018-11-01,2.84,,,
황구지천_중류(오목천교),7.3,4.07,2.0000000000000284,3.338,0.028,2018-12-01,3.165,,,
왕송저수지_유하후,8.0,4.6,5.6,6.0,0.046,2018-01-01,4.1,,,
왕송저수지_유하후,7.7,10.5,9.6,4.95,0.078,2018-02-01,4.8,,,
왕송저수지_유하후,7.4,3.255,4.0,4.23,0.054,2018-03-01,4.284,,,
왕송저수지_유하후,8.1,5.849999999999999,13.2,2.6630000000000003,0.045,2018-04-01,3.745,,,
왕송저수지_유하후,7.6,6.000000000000002,12.5,1.165,0.047,2018-05-01,4.221,,,
왕송저수지_유하후,7.9,5.8,19.600000000000023,1.882,0.119,2018-06-01,3.816,,,
왕송저수지_유하후,7.4,5.5,9.6,1.84,0.098,2018-07-01,3.1,,,
왕송저수지_유하후,8.8,9.337500000000002,29.0,1.614,0.217,2018-08-01,4.932,,,
왕송저수지_유하후,9.4,8.1,24.5,1.752,0.148,2018-09-01,4.006,,,
왕송저수지_유하후,7.6,6.960000000000001,8.500000000000014,1.484,0.215,2018-10-01,4.3,,,
왕송저수지_유하후,7.4,2.6100000000000008,8.399999999999979,2.43,0.066,2018-11-01,3.307,,,
왕송저수지_유하후,7.2,4.79,11.200000000000044,2.939,0.025,2018-12-01,3.601,,,
호매실천,7.2,2.8,24.0,3.24,0.096,2018-01-01,0.5,,,
호매실천,7.6,3.0,40.4,2.4,0.085,2018-02-01,0.9,,,
호매실천,8.1,2.655,1.2,1.92,0.036,2018-03-01,1.242,,,
호매실천,7.9,2.0849999999999995,1.6,2.06,0.036,2018-04-01,0.9519,,,
호매실천,8.4,1.2799999999999994,0.8,1.549,0.014,2018-05-01,1.19,,,
호매실천,7.9,1.95,1.0,2.042,0.019,2018-06-01,1.246,,,
호매실천,8.0,2.3,0.4,2.92,0.298,2018-07-01,1.246,,,
호매실천,8.4,1.3200000000000005,8.4,1.964,0.051,2018-08-01,0.7432,,,
호매실천,8.3,1.0,7.2,1.86,0.055,2018-09-01,1.233,,,
호매실천,7.8,1.1,5.1999999999999895,1.603,0.082,2018-10-01,0.8652,,,
호매실천,7.7,1.0,2.0,2.078,0.112,2018-11-01,0.7104,,,
호매실천,7.3,0.6899999999999995,4.0,2.726,0.014,2018-12-01,0.9281,,,
서호천_상류(배다리교),7.7,1.1,4.4,9.99,0.023,2018-01-01,3.5,,,
서호천_상류(배다리교),7.3,3.2,4.399999999999977,7.81,0.016,2018-02-01,3.9,,,
서호천_상류(배다리교),7.4,1.0950000000000006,5.2,4.7,0.021,2018-03-01,3.997,,,
서호천_상류(배다리교),7.8,1.5,0.8,6.57,0.028,2018-04-01,3.553,,,
서호천_상류(배다리교),7.8,1.8,2.0,6.976,0.044,2018-05-01,3.552,,,
서호천_상류(배다리교),7.3,1.8200000000000005,0.1999999999999886,7.058,0.074,2018-06-01,3.401,,,
서호천_상류(배다리교),7.3,0.7,1.2,3.2,0.088,2018-07-01,1.7,,,
서호천_상류(배다리교),7.5,1.0299999999999994,1.2,7.036,0.09,2018-08-01,3.693,,,
서호천_상류(배다리교),7.0,0.9,1.2,8.04,0.185,2018-09-01,3.168,,,
서호천_상류(배다리교),7.0,2.0,0.3999999999999772,6.762,0.187,2018-10-01,3.944,,,
서호천_상류(배다리교),7.0,2.1,1.920000000000016,3.768,0.004,2018-11-01,4.852,,,
서호천_상류(배다리교),7.2,1.1300000000000008,3.999999999999986,6.864,0.012,2018-12-01,3.421,,,
황구지천_상류(금곡교),7.2,3.4,6.8,6.92,0.042,2018-01-01,2.7,,,
황구지천_상류(금곡교),7.6,7.1,9.6,3.95,0.046,2018-02-01,2.2,,,
황구지천_상류(금곡교),7.7,4.184999999999999,14.4,3.82,0.024,2018-03-01,3.486,,,
황구지천_상류(금곡교),7.7,3.955,7.2,4.07,0.022,2018-04-01,2.921,,,
황구지천_상류(금곡교),7.8,4.349999999999998,18.0,4.5280000000000005,0.014,2018-05-01,4.638,,,
황구지천_상류(금곡교),7.7,4.2,11.199999999999989,1.653,0.09,2018-06-01,5.165,,,
황구지천_상류(금곡교),8.6,3.3,4.8,3.9,0.14,2018-07-01,2.6,,,
황구지천_상류(금곡교),7.6,2.55,16.0,2.21,0.092,2018-08-01,4.026,,,
황구지천_상류(금곡교),9.0,1.3,8.0,2.97,0.125,2018-09-01,2.658,,,
황구지천_상류(금곡교),7.4,2.4,3.1999999999999886,4.828,0.055,2018-10-01,3.051,,,
황구지천_상류(금곡교),7.4,2.5,3.599999999999966,4.892,0.069,2018-11-01,2.856,,,
황구지천_상류(금곡교),7.4,2.46,7.000000000000028,3.482,0.008,2018-12-01,2.937,,,
수원천_상류(연화교),7.1,1.2,1.2,3.65,0.025,2018-01-01,1.5,,,
수원천_상류(연화교),7.9,2.5,3.2,3.76,0.023,2018-02-01,2.8,,,
수원천_상류(연화교),7.6,1.1,0.4,3.1,0.062,2018-03-01,1.635,,,
수원천_상류(연화교),7.5,2.865,0.4,2.572,0.044,2018-04-01,1.56,,,
수원천_상류(연화교),7.6,1.16,5.6,2.018,0.009,2018-05-01,1.86,,,
수원천_상류(연화교),7.4,3.789999999999999,6.400000000000035,2.233,0.023,2018-06-01,2.537,,,
수원천_상류(연화교),7.6,2.1,2.0,2.76,0.114,2018-07-01,1.9,,,
수원천_상류(연화교),7.3,0.8100000000000005,0.8,1.927,0.054,2018-08-01,1.829,,,
수원천_상류(연화교),7.2,0.5,0.4,3.29,0.046,2018-09-01,1.377,,,
수원천_상류(연화교),7.2,1.0,0.3999999999999772,1.932,0.058,2018-10-01,1.558,,,
수원천_상류(연화교),6.7,1.8,6.399999999999977,1.135,0.025,2018-11-01,2.726,,,
수원천_상류(연화교),7.5,0.5400000000000009,0.3999999999999772,3.052,0.044,2018-12-01,1.327,,,
쇠죽골천,7.8,1.5,6.0,1.57,0.079,2018-01-01,1.9,,,
쇠죽골천,7.8,0.9,1.2,1.19,0.039,2018-02-01,2.1,,,
쇠죽골천,8.4,1.6,3.6,1.96,0.077,2018-03-01,2.171,,,
쇠죽골천,8.5,4.005000000000001,6.0,1.441,0.039,2018-04-01,1.936,,,
쇠죽골천,7.7,1.5499999999999998,2.4,1.458,0.037,2018-05-01,2.003,,,
쇠죽골천,7.6,2.62,8.0,1.937,0.09,2018-06-01,1.892,,,
쇠죽골천,7.4,2.9,2.0,1.59,0.022,2018-07-01,1.6,,,
쇠죽골천,7.5,2.02,4.8,1.883,0.092,2018-08-01,1.486,,,
쇠죽골천,8.0,1.0,1.2,1.65,0.039,2018-09-01,1.611,,,
쇠죽골천,8.0,1.8,2.7999999999999545,1.419,0.083,2018-10-01,2.093,,,
쇠죽골천,6.9,1.6,2.0,1.805,0.08,2018-11-01,1.728,,,
쇠죽골천,7.0,0.5,2.0000000000000284,1.746,0.068,2018-12-01,1.844,,,
수원천_하류(새터교),7.7,3.4,0.4,8.41,0.027,2018-01-01,1.1,,,
수원천_하류(새터교),8.2,1.7,0.8,6.01,0.08,2018-02-01,1.3,,,
수원천_하류(새터교),7.9,2.2200000000000006,3.2,4.65,0.011,2018-03-01,1.988,,,
수원천_하류(새터교),8.3,3.015000000000001,7.2,4.615,0.028,2018-04-01,1.642,,,
수원천_하류(새터교),7.7,7.2,3.2,7.98,0.306,2018-05-01,3.131,,,
수원천_하류(새터교),8.0,2.59,10.39999999999998,2.762,0.04,2018-06-01,2.231,,,
수원천_하류(새터교),8.2,2.7,3.2,6.75,0.06,2018-07-01,1.7,,,
수원천_하류(새터교),8.3,1.940000000000001,9.6,4.752,0.073,2018-08-01,1.558,,,
수원천_하류(새터교),7.9,0.8,2.4,5.58,0.041,2018-09-01,1.597,,,
수원천_하류(새터교),7.8,1.0,4.400000000000035,4.516,0.082,2018-10-01,1.637,,,
수원천_하류(새터교),7.6,1.2,7.1999999999999895,3.074,0.031,2018-11-01,2.349,,,
수원천_하류(새터교),7.4,0.7100000000000009,2.5,6.002,0.051,2018-12-01,1.324,,,
서호천_중류(화산교),8.3,3.7,5.2,9.11,0.042,2018-01-01,3.8,,,
서호천_중류(화산교),7.9,6.0,1.2,7.22,0.044,2018-02-01,4.4,,,
서호천_중류(화산교),7.8,2.8199999999999985,3.2,3.99,0.028,2018-03-01,4.322,,,
서호천_중류(화산교),7.8,3.7049999999999983,5.2,6.04,0.044,2018-04-01,3.995,,,
서호천_중류(화산교),7.8,2.119999999999999,3.0,6.838,0.032,2018-05-01,4.148,,,
서호천_중류(화산교),7.9,3.3599999999999994,8.800000000000011,6.034,0.089,2018-06-01,4.194,,,
서호천_중류(화산교),7.6,2.5,6.8,4.4,0.375,2018-07-01,3.4,,,
서호천_중류(화산교),8.3,2.01,5.6,4.562,0.064,2018-08-01,3.795,,,
서호천_중류(화산교),8.6,1.6,4.4,4.406,0.164,2018-09-01,3.497,,,
서호천_중류(화산교),7.6,2.3,4.8000000000000105,6.394,0.106,2018-10-01,3.829,,,
서호천_중류(화산교),7.4,2.0,4.0,3.492,0.02,2018-11-01,4.415,,,
서호천_중류(화산교),7.4,1.0999999999999996,1.9999999999999567,4.954,0.034,2018-12-01,3.217,,,
서호천_상류(앞),8.0,2.6,6.8,9.6,0.022,2018-01-01,3.6,,,
서호천_상류(앞),7.5,3.5,4.8,7.88,0.022,2018-02-01,4.0,,,
서호천_상류(앞),8.3,1.5450000000000017,1.2,4.61,0.016,2018-03-01,4.279,,,
서호천_상류(앞),8.3,1.83,2.4,7.2,0.069,2018-04-01,3.57,,,
서호천_상류(앞),8.7,0.9300000000000006,1.0,6.844,0.028,2018-05-01,3.666,,,
서호천_상류(앞),8.4,1.8800000000000008,1.4000000000000057,6.744,0.055,2018-06-01,3.407,,,
서호천_상류(앞),7.4,0.9,0.8,2.9,0.142,2018-07-01,1.8,,,
서호천_상류(앞),8.6,0.9700000000000004,4.0,7.202,0.042,2018-08-01,3.687,,,
서호천_상류(앞),7.9,0.9,3.6,7.11,0.127,2018-09-01,3.111,,,
서호천_상류(앞),7.8,1.6,1.6000000000000227,7.15,0.053,2018-10-01,3.686,,,
서호천_상류(앞),7.6,1.4,3.1999999999999886,3.921,0.029,2018-11-01,4.909,,,
서호천_상류(앞),7.5,0.9600000000000009,3.999999999999986,6.488,0.01,2018-12-01,3.455,,,
수원천_중류(매세교),7.6,0.8,0.3,6.501,0.019,2019-01-01,1.8,,,
수원천_중류(매세교),8.6,1.8,13.0,4.608,0.034,2019-02-01,3.0,,,
수원천_중류(매세교),8.1,0.8,4.0,4.454,0.038,2019-03-01,2.1,,,
수원천_중류(매세교),7.6,1.2,0.4,4.037,0.014,2019-04-01,2.2,,,
수원천_중류(매세교),8.0,2.5,1.2,2.491,0.024,2019-05-01,2.3,,,
수원천_중류(매세교),7.6,1.9,0.8,2.131,0.024,2019-06-01,2.7,,,
수원천_중류(매세교),7.8,2.8,8.4,1.963,0.019,2019-07-01,2.5,,,
수원천_중류(매세교),7.3,1.9,1.0,3.523,0.053,2019-08-01,3.4,,,
수원천_중류(매세교),7.8,1.3,4.0,3.682,0.053,2019-09-01,2.4,,,
수원천_중류(매세교),8.1,1.4,5.3,6.0,0.01,2019-10-01,2.0,,,
수원천_중류(매세교),7.9,0.8,4.0,5.784,0.038,2019-11-01,1.7,,,
수원천_중류(매세교),8.0,1.2,1.3,5.856,0.024,2019-12-01,1.3,,,
원천천_하류(대황교),7.4,1.7,2.8,7.946,0.1,2019-01-01,4.9,,,
원천천_하류(대황교),7.8,2.3,11.0,7.968,0.077,2019-02-01,4.4,,,
원천천_하류(대황교),7.7,1.3,6.0,6.384,0.086,2019-03-01,4.9,,,
원천천_하류(대황교),7.2,1.1,0.8,7.344,0.058,2019-04-01,3.8,,,
원천천_하류(대황교),8.1,2.9,2.0,2.923,0.038,2019-05-01,2.7,,,
원천천_하류(대황교),7.8,1.0,3.2,3.514,0.024,2019-06-01,2.7,,,
원천천_하류(대황교),7.6,2.3,6.0,1.939,0.019,2019-07-01,3.4,,,
원천천_하류(대황교),7.4,2.5,3.0,1.046,0.029,2019-08-01,3.6,,,
원천천_하류(대황교),7.7,1.4,3.3,3.466,0.072,2019-09-01,3.0,,,
원천천_하류(대황교),7.7,1.4,3.7,2.976,0.058,2019-10-01,3.4,,,
원천천_하류(대황교),7.4,0.6,3.0,4.944,0.024,2019-11-01,2.7,,,
원천천_하류(대황교),7.8,1.3,2.5,4.872,0.019,2019-12-01,3.1,,,
황구지천_상류(당수교),,,,,,2019-01-01,,,,
황구지천_상류(당수교),8.1,3.9,8.0,4.032,0.077,2019-02-01,4.4,,,
황구지천_상류(당수교),7.8,4.6,13.0,3.614,0.12,2019-03-01,5.0,,,
황구지천_상류(당수교),7.3,8.4,6.0,5.832,0.312,2019-04-01,7.4,,,
황구지천_상류(당수교),9.0,5.4,1.6,2.837,0.221,2019-05-01,5.9,,,
황구지천_상류(당수교),7.2,4.5,2.4,3.25,0.187,2019-06-01,6.6,,,
황구지천_상류(당수교),7.2,7.7,6.0,8.088,0.504,2019-07-01,7.4,,,
황구지천_상류(당수교),7.5,3.1,8.5,1.92,0.12,2019-08-01,5.5,,,
황구지천_상류(당수교),7.6,3.3,9.0,1.877,0.168,2019-09-01,4.8,,,
황구지천_상류(당수교),7.5,3.0,24.7,9.6,0.091,2019-10-01,4.6,,,
황구지천_상류(당수교),7.0,3.5,10.0,4.157,0.139,2019-11-01,3.9,,,
황구지천_상류(당수교),7.8,1.6,1.3,6.024,0.11,2019-12-01,1.8,,,
서호천_중류(한마루교),7.6,2.8,5.6,6.884,0.108,2019-01-01,5.5,,,
서호천_중류(한마루교),8.0,1.4,4.0,5.904,0.048,2019-02-01,4.7,,,
서호천_중류(한마루교),8.8,3.6,8.0,6.192,0.067,2019-03-01,6.5,,,
서호천_중류(한마루교),8.5,1.2,1.0,7.56,0.13,2019-04-01,5.1,,,
서호천_중류(한마루교),8.3,3.3,0.4,7.368,0.24,2019-05-01,5.1,,,
서호천_중류(한마루교),7.6,1.6,2.0,8.568,0.106,2019-06-01,5.6,,,
서호천_중류(한마루교),8.1,2.6,10.0,7.44,0.058,2019-07-01,5.2,,,
서호천_중류(한마루교),8.2,1.3,1.2,5.448,0.154,2019-08-01,4.6,,,
서호천_중류(한마루교),8.4,1.2,2.7,7.92,0.187,2019-09-01,4.7,,,
서호천_중류(한마루교),7.8,1.7,11.0,9.072,0.048,2019-10-01,3.6,,,
서호천_중류(한마루교),7.6,0.6,7.0,8.304,0.106,2019-11-01,4.4,,,
서호천_중류(한마루교),7.7,1.6,1.3,6.528,0.058,2019-12-01,3.1,,,
여천,7.5,0.9,1.2,1.106,0.03,2019-01-01,2.2,,,
여천,8.5,1.2,3.0,0.581,0.019,2019-02-01,2.0,,,
여천,8.3,0.7,8.0,0.614,0.034,2019-03-01,2.5,,,
여천,7.8,1.2,0.4,1.478,0.024,2019-04-01,2.4,,,
여천,7.8,1.7,0.4,1.147,0.019,2019-05-01,2.3,,,
여천,7.3,1.3,3.2,0.835,0.019,2019-06-01,2.5,,,
여천,7.4,1.8,4.0,0.96,0.024,2019-07-01,2.4,,,
여천,7.9,1.9,1.6,1.075,0.029,2019-08-01,2.5,,,
여천,7.6,1.4,1.7,1.608,0.034,2019-09-01,2.5,,,
여천,7.9,0.7,2.7,4.008,0.029,2019-10-01,1.9,,,
여천,7.7,0.8,2.0,1.123,0.019,2019-11-01,1.8,,,
여천,7.9,1.3,1.0,1.349,0.019,2019-12-01,1.9,,,
황구지천_하류(기안교),7.8,9.4,6.0,7.751,0.407,2019-01-01,8.2,,,
황구지천_하류(기안교),7.6,21.3,21.0,10.56,0.96,2019-02-01,9.6,,,
황구지천_하류(기안교),7.7,12.0,18.0,10.176,0.744,2019-03-01,7.8,,,
황구지천_하류(기안교),8.9,9.7,,,0.197,2019-04-01,6.1,,,
황구지천_하류(기안교),7.6,12.6,2.8,2.957,0.24,2019-05-01,6.2,,,
황구지천_하류(기안교),7.4,3.2,11.2,2.011,0.096,2019-06-01,6.5,,,
황구지천_하류(기안교),7.6,5.1,20.0,2.674,0.168,2019-07-01,6.2,,,
황구지천_하류(기안교),8.3,4.6,16.5,2.698,0.173,2019-08-01,5.4,,,
황구지천_하류(기안교),7.7,3.4,8.0,2.342,0.149,2019-09-01,4.4,,,
황구지천_하류(기안교),7.8,2.7,20.7,5.184,0.115,2019-10-01,3.2,,,
황구지천_하류(기안교),7.2,1.8,9.7,4.08,0.168,2019-11-01,3.8,,,
황구지천_하류(기안교),7.6,2.0,2.0,4.104,0.106,2019-12-01,2.7,,,
서호천_하류(농대교),7.7,6.0,18.0,7.688,0.1,2019-01-01,8.3,,,
서호천_하류(농대교),8.1,3.7,14.0,6.024,0.082,2019-02-01,5.1,,,
서호천_하류(농대교),9.0,4.2,19.0,4.608,0.082,2019-03-01,7.1,,,
서호천_하류(농대교),8.3,6.5,8.0,5.928,0.134,2019-04-01,5.7,,,
서호천_하류(농대교),8.9,7.0,4.0,5.616,0.154,2019-05-01,5.2,,,
서호천_하류(농대교),7.7,3.1,28.4,4.872,0.072,2019-06-01,5.5,,,
서호천_하류(농대교),7.9,6.9,15.0,4.786,0.101,2019-07-01,5.4,,,
서호천_하류(농대교),8.9,4.0,14.5,4.416,0.11,2019-08-01,4.5,,,
서호천_하류(농대교),8.8,3.6,32.0,7.176,0.192,2019-09-01,5.2,,,
서호천_하류(농대교),7.7,2.0,35.7,10.848,0.12,2019-10-01,3.9,,,
서호천_하류(농대교),9.0,3.4,26.3,7.584,0.187,2019-11-01,4.8,,,
서호천_하류(농대교),8.6,3.1,31.7,5.616,0.11,2019-12-01,3.2,,,
가산천,7.6,1.1,0.3,5.015,0.043,2019-01-01,1.8,,,
가산천,8.2,1.4,2.0,5.568,0.034,2019-02-01,1.9,,,
가산천,8.0,1.0,5.0,6.792,0.029,2019-03-01,3.6,,,
가산천,7.2,1.9,2.0,0.97,0.019,2019-04-01,1.7,,,
가산천,7.5,1.8,0.8,5.568,0.048,2019-05-01,4.3,,,
가산천,7.5,4.5,88.8,3.893,0.034,2019-06-01,5.3,,,
가산천,7.3,1.5,0.3,4.627,0.13,2019-07-01,3.9,,,
가산천,8.3,1.4,1.6,3.73,0.038,2019-08-01,3.4,,,
가산천,6.9,1.6,2.0,9.336,0.058,2019-09-01,4.4,,,
가산천,8.1,1.3,8.7,2.558,0.029,2019-10-01,2.1,,,
가산천,7.5,0.4,1.7,3.614,0.019,2019-11-01,1.9,,,
가산천,7.6,2.0,0.3,4.037,0.072,2019-12-01,2.7,,,
원천천_중류(백년교),7.5,6.1,4.8,6.301,0.144,2019-01-01,6.1,,,
원천천_중류(백년교),8.1,1.7,8.0,6.24,0.043,2019-02-01,3.8,,,
원천천_중류(백년교),8.2,1.6,7.0,2.808,0.115,2019-03-01,4.1,,,
원천천_중류(백년교),7.7,1.5,0.8,3.014,0.038,2019-04-01,3.9,,,
원천천_중류(백년교),8.3,2.7,0.8,2.093,0.038,2019-05-01,3.4,,,
원천천_중류(백년교),7.9,1.5,1.6,2.39,0.029,2019-06-01,3.5,,,
원천천_중류(백년교),7.5,2.4,5.6,3.485,0.014,2019-07-01,2.9,,,
원천천_중류(백년교),7.6,1.4,2.5,1.781,0.067,2019-08-01,3.4,,,
원천천_중류(백년교),7.9,1.3,3.0,2.53,0.067,2019-09-01,3.4,,,
원천천_중류(백년교),7.6,1.7,5.0,3.37,0.072,2019-10-01,3.2,,,
원천천_중류(백년교),7.3,0.7,6.0,4.248,0.11,2019-11-01,3.3,,,
원천천_중류(백년교),7.8,2.0,1.7,4.608,0.062,2019-12-01,3.5,,,
원천천_상류(원천교),7.5,4.2,4.0,5.9,0.095,2019-01-01,5.3,,,
원천천_상류(원천교),7.6,3.0,4.0,4.512,0.053,2019-02-01,4.8,,,
원천천_상류(원천교),7.8,2.8,8.0,3.49,0.082,2019-03-01,4.3,,,
원천천_상류(원천교),7.5,1.4,0.8,3.566,0.038,2019-04-01,4.2,,,
원천천_상류(원천교),7.8,2.5,0.4,2.765,0.024,2019-05-01,3.4,,,
원천천_상류(원천교),7.2,1.4,6.0,2.798,0.024,2019-06-01,3.8,,,
원천천_상류(원천교),7.5,3.2,7.5,4.416,0.058,2019-07-01,3.8,,,
원천천_상류(원천교),7.5,2.0,3.5,2.179,0.038,2019-08-01,3.3,,,
원천천_상류(원천교),7.6,1.4,5.7,2.227,0.077,2019-09-01,3.3,,,
원천천_상류(원천교),7.6,1.6,7.3,4.243,0.01,2019-10-01,3.5,,,
원천천_상류(원천교),7.7,1.1,2.0,4.277,0.058,2019-11-01,3.6,,,
원천천_상류(원천교),7.8,1.9,1.3,4.555,0.058,2019-12-01,3.2,,,
영화천,7.8,1.8,3.2,6.694,0.05,2019-01-01,4.1,,,
영화천,7.9,1.9,8.0,5.88,0.048,2019-02-01,4.5,,,
영화천,8.4,1.5,13.0,5.544,0.038,2019-03-01,4.9,,,
영화천,8.0,1.4,3.0,6.024,0.144,2019-04-01,5.1,,,
영화천,8.7,2.1,0.4,7.272,0.168,2019-05-01,4.5,,,
영화천,7.6,1.2,2.0,8.784,0.062,2019-06-01,4.5,,,
영화천,8.0,1.9,6.0,4.44,0.038,2019-07-01,4.2,,,
영화천,7.7,1.6,2.4,3.72,0.086,2019-08-01,3.7,,,
영화천,8.1,1.3,2.3,5.976,0.158,2019-09-01,4.0,,,
영화천,7.5,2.1,6.0,10.896,0.048,2019-10-01,3.4,,,
영화천,8.2,0.9,6.0,8.904,0.077,2019-11-01,3.6,,,
영화천,7.5,1.3,1.3,5.832,0.029,2019-12-01,2.6,,,
황구지천_중류(오목천교),7.9,3.3,7.4,5.576,0.116,2019-01-01,4.6,,,
황구지천_중류(오목천교),8.2,2.9,7.0,4.68,0.12,2019-02-01,4.0,,,
황구지천_중류(오목천교),8.1,2.7,8.0,4.344,0.101,2019-03-01,4.2,,,
황구지천_중류(오목천교),9.0,6.7,,,0.168,2019-04-01,4.5,,,
황구지천_중류(오목천교),8.0,6.0,1.6,2.846,0.173,2019-05-01,6.3,,,
황구지천_중류(오목천교),7.5,4.0,4.4,1.858,0.091,2019-06-01,6.9,,,
황구지천_중류(오목천교),7.4,5.3,18.0,2.146,0.206,2019-07-01,5.7,,,
황구지천_중류(오목천교),7.6,3.8,12.5,1.694,0.134,2019-08-01,5.2,,,
황구지천_중류(오목천교),7.6,1.7,4.5,2.088,0.101,2019-09-01,4.2,,,
황구지천_중류(오목천교),7.4,2.5,31.0,5.928,0.077,2019-10-01,3.0,,,
황구지천_중류(오목천교),7.2,2.0,7.3,4.382,0.096,2019-11-01,3.2,,,
황구지천_중류(오목천교),7.8,2.5,11.7,4.056,0.101,2019-12-01,2.5,,,
일월저수지_유하후,7.4,0.9,2.0,7.672,0.057,2019-01-01,5.0,,,
일월저수지_유하후,7.8,0.8,2.0,7.008,0.043,2019-02-01,4.9,,,
일월저수지_유하후,8.0,0.8,3.0,5.376,0.038,2019-03-01,4.8,,,
일월저수지_유하후,7.4,1.4,1.0,7.488,0.053,2019-04-01,4.5,,,
일월저수지_유하후,8.2,2.2,2.4,8.976,0.178,2019-05-01,4.4,,,
일월저수지_유하후,7.4,1.1,2.4,8.664,0.048,2019-06-01,4.4,,,
일월저수지_유하후,7.9,1.4,15.5,7.368,0.053,2019-07-01,4.6,,,
일월저수지_유하후,7.4,1.5,5.0,3.0,0.125,2019-08-01,4.4,,,
일월저수지_유하후,7.7,1.1,8.0,7.392,0.178,2019-09-01,4.1,,,
일월저수지_유하후,7.1,1.4,1.7,9.888,0.01,2019-10-01,3.6,,,
일월저수지_유하후,6.9,0.5,2.3,9.696,0.048,2019-11-01,3.6,,,
일월저수지_유하후,8.2,1.0,11.3,6.552,0.019,2019-12-01,2.8,,,
왕송저수지_유하후,7.4,5.0,6.8,4.563,0.087,2019-01-01,5.9,,,
왕송저수지_유하후,8.1,3.8,11.0,3.912,0.067,2019-02-01,4.5,,,
왕송저수지_유하후,8.3,4.2,15.0,3.638,0.072,2019-03-01,5.1,,,
왕송저수지_유하후,7.6,3.7,5.0,1.973,0.144,2019-04-01,5.6,,,
왕송저수지_유하후,8.7,4.3,2.4,1.829,0.067,2019-05-01,4.8,,,
왕송저수지_유하후,7.4,2.7,1.6,0.749,0.077,2019-06-01,5.8,,,
왕송저수지_유하후,7.3,6.5,16.0,1.426,0.197,2019-07-01,6.4,,,
왕송저수지_유하후,7.7,3.9,10.0,1.795,0.125,2019-08-01,6.2,,,
왕송저수지_유하후,8.1,3.1,20.0,2.16,0.178,2019-09-01,5.7,,,
왕송저수지_유하후,7.5,2.7,19.0,2.712,0.072,2019-10-01,4.5,,,
왕송저수지_유하후,6.8,2.5,10.0,0.835,0.067,2019-11-01,3.8,,,
왕송저수지_유하후,8.2,2.3,11.7,3.437,0.082,2019-12-01,3.1,,,
호매실천,7.5,2.0,2.4,3.274,0.094,2019-01-01,2.2,,,
호매실천,8.0,3.5,14.0,3.6,0.091,2019-02-01,4.1,,,
호매실천,8.2,4.4,15.0,3.605,0.144,2019-03-01,5.0,,,
호매실천,7.3,3.4,4.0,0.624,0.077,2019-04-01,4.2,,,
호매실천,8.5,4.3,2.4,1.618,0.115,2019-05-01,5.7,,,
호매실천,7.4,4.8,6.4,1.848,0.043,2019-06-01,7.8,,,
호매실천,7.9,0.7,3.6,2.29,0.038,2019-07-01,1.2,,,
호매실천,7.9,1.0,1.5,2.203,0.014,2019-08-01,2.0,,,
호매실천,7.8,1.0,1.3,2.458,0.067,2019-09-01,1.2,,,
호매실천,7.7,0.9,3.0,3.024,0.115,2019-10-01,1.1,,,
호매실천,7.3,0.6,9.0,11.544,0.048,2019-11-01,0.9,,,
호매실천,7.4,1.9,17.0,2.933,0.067,2019-12-01,1.9,,,
서호천_상류(배다리교),7.4,1.9,2.4,7.88,0.061,2019-01-01,4.6,,,
서호천_상류(배다리교),7.3,0.6,3.0,6.384,0.038,2019-02-01,5.0,,,
서호천_상류(배다리교),7.5,1.8,2.0,7.368,0.019,2019-03-01,5.4,,,
서호천_상류(배다리교),7.5,1.3,2.0,7.32,0.058,2019-04-01,4.2,,,
서호천_상류(배다리교),7.8,3.2,1.2,8.16,0.12,2019-05-01,4.6,,,
서호천_상류(배다리교),7.3,3.0,0.4,9.0,0.034,2019-06-01,4.7,,,
서호천_상류(배다리교),7.2,1.2,3.6,10.608,0.019,2019-07-01,4.7,,,
서호천_상류(배다리교),7.1,1.1,3.2,6.528,0.12,2019-08-01,4.6,,,
서호천_상류(배다리교),7.3,1.1,1.7,9.36,0.336,2019-09-01,4.4,,,
서호천_상류(배다리교),7.2,1.8,4.3,9.624,0.024,2019-10-01,3.6,,,
서호천_상류(배다리교),7.9,0.6,6.0,12.336,0.086,2019-11-01,3.7,,,
서호천_상류(배다리교),7.3,0.7,2.0,7.008,0.019,2019-12-01,2.7,,,
황구지천_상류(금곡교),7.4,3.7,13.0,6.048,0.11,2019-01-01,4.6,,,
황구지천_상류(금곡교),8.8,1.7,5.0,3.096,0.077,2019-02-01,1.7,,,
황구지천_상류(금곡교),8.5,2.8,11.0,3.936,0.077,2019-03-01,3.3,,,
황구지천_상류(금곡교),8.8,2.1,4.0,8.064,0.168,2019-04-01,4.7,,,
황구지천_상류(금곡교),8.7,4.2,1.6,1.906,0.101,2019-05-01,4.9,,,
황구지천_상류(금곡교),7.5,1.6,0.4,2.294,0.082,2019-06-01,2.8,,,
황구지천_상류(금곡교),7.3,4.5,6.0,2.678,0.072,2019-07-01,5.3,,,
황구지천_상류(금곡교),7.4,2.0,7.5,1.618,0.106,2019-08-01,4.8,,,
황구지천_상류(금곡교),7.6,2.2,10.0,1.31,0.106,2019-09-01,4.5,,,
황구지천_상류(금곡교),7.2,2.4,96.3,4.032,0.211,2019-10-01,3.2,,,
황구지천_상류(금곡교),7.1,1.7,7.3,7.272,0.091,2019-11-01,3.5,,,
황구지천_상류(금곡교),7.5,1.7,4.7,4.512,0.053,2019-12-01,2.2,,,
상현레스피아방류구,,,,,,2019-01-01,,,,
상현레스피아방류구,7.2,1.9,2.0,7.776,0.038,2019-02-01,4.7,,,
상현레스피아방류구,7.7,1.0,5.0,2.909,0.019,2019-03-01,3.2,,,
상현레스피아방류구,7.4,1.2,0.4,6.768,0.048,2019-04-01,5.4,,,
상현레스피아방류구,7.5,1.6,0.8,5.832,0.024,2019-05-01,4.6,,,
상현레스피아방류구,7.9,1.2,0.8,4.704,0.029,2019-06-01,4.8,,,
상현레스피아방류구,7.3,1.9,2.8,4.704,0.024,2019-07-01,4.1,,,
상현레스피아방류구,7.0,1.3,2.4,3.427,0.053,2019-08-01,3.0,,,
상현레스피아방류구,7.4,1.4,1.7,6.792,0.086,2019-09-01,4.4,,,
상현레스피아방류구,7.3,2.1,14.3,12.456,0.158,2019-10-01,5.2,,,
상현레스피아방류구,7.6,1.2,1.7,7.2,0.024,2019-11-01,4.1,,,
상현레스피아방류구,7.8,1.2,0.3,8.664,0.029,2019-12-01,4.0,,,
서호천_하류(중보교합류),7.8,4.5,11.2,6.308,0.077,2019-01-01,6.2,,,
서호천_하류(중보교합류),8.5,3.5,8.0,6.576,0.24,2019-02-01,4.6,,,
서호천_하류(중보교합류),8.8,4.2,16.0,5.16,0.101,2019-03-01,5.9,,,
서호천_하류(중보교합류),8.2,6.7,6.0,5.16,0.163,2019-04-01,4.8,,,
서호천_하류(중보교합류),9.1,5.3,2.8,4.704,0.139,2019-05-01,4.5,,,
서호천_하류(중보교합류),7.6,4.9,8.4,4.651,0.154,2019-06-01,5.0,,,
서호천_하류(중보교합류),7.6,4.3,14.7,4.781,0.134,2019-07-01,4.8,,,
서호천_하류(중보교합류),9.1,4.5,13.0,4.243,0.163,2019-08-01,4.6,,,
서호천_하류(중보교합류),8.9,3.7,22.0,5.496,0.168,2019-09-01,5.3,,,
서호천_하류(중보교합류),7.9,2.1,32.0,9.96,0.134,2019-10-01,3.7,,,
서호천_하류(중보교합류),8.8,2.7,26.0,6.984,0.211,2019-11-01,4.7,,,
서호천_하류(중보교합류),8.7,2.4,22.3,5.784,0.173,2019-12-01,3.1,,,
수원천_상류(연화교),7.7,0.8,0.7,3.401,0.014,2019-01-01,2.2,,,
수원천_상류(연화교),7.7,1.3,2.0,2.448,0.014,2019-02-01,1.7,,,
수원천_상류(연화교),7.4,1.5,5.0,2.616,0.01,2019-03-01,1.8,,,
수원천_상류(연화교),7.0,1.2,0.4,2.525,0.01,2019-04-01,2.3,,,
수원천_상류(연화교),7.8,1.9,0.4,1.742,0.01,2019-05-01,1.9,,,
수원천_상류(연화교),7.5,1.0,0.8,2.41,0.019,2019-06-01,2.0,,,
수원천_상류(연화교),7.5,2.8,5.6,2.525,0.005,2019-07-01,2.0,,,
수원천_상류(연화교),6.9,1.5,1.2,1.915,0.038,2019-08-01,2.6,,,
수원천_상류(연화교),8.4,2.9,18.5,2.165,0.139,2019-09-01,4.4,,,
수원천_상류(연화교),7.3,0.7,5.0,2.232,0.014,2019-10-01,2.5,,,
수원천_상류(연화교),7.4,0.3,1.7,2.621,0.014,2019-11-01,1.4,,,
수원천_상류(연화교),8.1,1.1,0.7,3.235,0.014,2019-12-01,1.6,,,
쇠죽골천,7.5,2.8,1.4,3.136,0.179,2019-01-01,4.0,,,
쇠죽골천,8.9,2.2,8.0,1.378,0.053,2019-02-01,2.3,,,
쇠죽골천,8.6,1.7,2.0,0.979,0.072,2019-03-01,2.7,,,
쇠죽골천,6.9,2.1,1.0,8.376,0.062,2019-04-01,4.7,,,
쇠죽골천,7.9,2.2,0.4,1.915,0.154,2019-05-01,2.3,,,
쇠죽골천,7.3,1.2,6.4,1.368,0.115,2019-06-01,2.7,,,
쇠죽골천,7.8,1.9,14.4,1.046,0.01,2019-07-01,2.6,,,
쇠죽골천,8.9,1.8,1.2,1.325,0.11,2019-08-01,2.6,,,
쇠죽골천,7.4,1.2,9.7,0.998,0.144,2019-09-01,2.0,,,
쇠죽골천,8.0,1.3,2.3,1.296,0.043,2019-10-01,2.0,,,
쇠죽골천,7.9,0.7,0.7,1.459,0.077,2019-11-01,2.0,,,
쇠죽골천,8.2,1.0,0.7,2.453,0.072,2019-12-01,2.1,,,
수원천_하류(새터교),7.5,0.9,0.7,7.1,0.02,2019-01-01,1.8,,,
수원천_하류(새터교),8.5,1.4,9.0,6.096,0.034,2019-02-01,1.7,,,
수원천_하류(새터교),8.3,1.1,4.0,4.752,0.014,2019-03-01,1.8,,,
수원천_하류(새터교),8.4,1.3,0.4,5.112,0.019,2019-04-01,2.2,,,
수원천_하류(새터교),8.5,2.0,1.6,4.171,0.024,2019-05-01,2.1,,,
수원천_하류(새터교),8.0,1.5,0.4,3.533,0.014,2019-06-01,2.2,,,
수원천_하류(새터교),7.7,1.8,8.4,3.446,0.01,2019-07-01,2.0,,,
수원천_하류(새터교),7.3,1.8,1.0,4.176,0.067,2019-08-01,3.6,,,
수원천_하류(새터교),7.9,1.2,4.0,4.354,0.029,2019-09-01,2.2,,,
수원천_하류(새터교),7.8,1.1,4.7,9.048,0.019,2019-10-01,1.8,,,
수원천_하류(새터교),7.8,0.9,6.7,8.712,0.038,2019-11-01,1.6,,,
수원천_하류(새터교),7.9,0.7,3.0,7.368,0.019,2019-12-01,1.2,,,
서호천_중류(화산교),7.7,2.5,4.2,7.13,0.069,2019-01-01,5.1,,,
서호천_중류(화산교),8.0,2.3,9.0,6.72,0.048,2019-02-01,5.2,,,
서호천_중류(화산교),8.0,2.0,7.0,6.768,0.048,2019-03-01,5.2,,,
서호천_중류(화산교),7.8,2.8,2.0,7.512,0.134,2019-04-01,5.0,,,
서호천_중류(화산교),8.7,3.4,1.6,7.416,0.24,2019-05-01,4.8,,,
서호천_중류(화산교),7.7,1.6,2.8,8.016,0.086,2019-06-01,5.1,,,
서호천_중류(화산교),8.4,2.6,8.4,4.608,0.043,2019-07-01,4.7,,,
서호천_중류(화산교),7.6,1.8,4.4,4.584,0.125,2019-08-01,4.1,,,
서호천_중류(화산교),8.0,1.9,9.7,6.12,0.178,2019-09-01,5.0,,,
서호천_중류(화산교),7.7,2.3,7.3,10.896,0.043,2019-10-01,3.8,,,
서호천_중류(화산교),8.1,1.0,5.3,10.224,0.115,2019-11-01,4.2,,,
서호천_중류(화산교),7.6,1.8,6.3,6.216,0.048,2019-12-01,3.0,,,
서호천_상류(앞),7.5,2.4,5.6,8.043,0.061,2019-01-01,4.6,,,
서호천_상류(앞),8.3,0.9,2.0,6.672,0.038,2019-02-01,5.0,,,
서호천_상류(앞),8.1,1.5,3.0,7.272,0.029,2019-03-01,4.7,,,
서호천_상류(앞),8.2,1.4,1.0,7.824,0.082,2019-04-01,4.3,,,
서호천_상류(앞),7.8,1.4,0.8,7.488,0.178,2019-05-01,4.4,,,
서호천_상류(앞),7.3,1.2,1.6,8.808,0.067,2019-06-01,4.4,,,
서호천_상류(앞),7.5,1.2,7.2,8.304,0.043,2019-07-01,4.6,,,
서호천_상류(앞),8.0,1.1,3.2,5.712,0.077,2019-08-01,3.8,,,
서호천_상류(앞),7.6,1.0,1.0,7.416,0.158,2019-09-01,4.3,,,
서호천_상류(앞),7.7,1.6,4.3,10.08,0.019,2019-10-01,3.7,,,
서호천_상류(앞),7.1,0.6,8.3,10.392,0.082,2019-11-01,3.6,,,
서호천_상류(앞),7.5,0.5,1.7,7.536,0.019,2019-12-01,2.5,,,
수원천_중류(매세교),7.9,1.1,5.5,6.541,0.04,2020-01-01,1.8,14.4,0.588,3.7
수원천_중류(매세교),7.33,2.208000000000001,4.0,4.825,0.0321,2020-02-01,2.016,9.54,0.43,12.0
수원천_중류(매세교),7.5,1.9,6.499999999999978,4.8789,0.025,2020-03-01,3.124,11.56,0.42,11.7
수원천_중류(매세교),7.99,1.2,9.600000000000025,4.249,0.0193,2020-04-01,3.6093,10.92,0.491,16.3
수원천_중류(매세교),8.84,2.0,10.2,2.02,0.075,2020-05-01,5.4,9.44,0.3455,22.0
수원천_중류(매세교),8.42,1.4879999999999982,9.199999999999983,2.0953,0.0834,2020-06-01,5.583,7.13,0.483,25.5
수원천_중류(매세교),8.2,1.7,5.0,2.86,0.0608,2020-07-01,1.0,8.0,0.429,27.7
수원천_중류(매세교),7.9,1.2839999999999994,15.200000000000047,2.4642,0.1211,2020-08-01,3.626,4.62,0.1319,24.8
수원천_중류(매세교),7.93,0.7,11.733333333333336,2.2268,0.0782,2020-09-01,2.33,7.54,0.1526,22.3
수원천_중류(매세교),8.17,0.7,2.800000000000006,2.569,0.0703,2020-10-01,2.7536,9.16,0.304,18.9
수원천_중류(매세교),7.56,0.9,1.0000000000000009,2.7039,0.0304,2020-11-01,2.639,9.13,0.247,10.4
수원천_중류(매세교),7.01,0.7,0.5333333333333301,3.9455,0.0201,2020-12-01,2.2109999999999994,10.14,0.335,9.5
원천천_하류(대황교),7.3,1.5,3.4,6.661,0.043,2020-01-01,3.3,9.8,3.36,13.1
원천천_하류(대황교),7.16,1.4,3.0,6.132,0.0566,2020-02-01,5.684,9.35,1.561,15.9
원천천_하류(대황교),8.3,1.0,4.400000000000015,5.770999999999999,0.036,2020-03-01,4.4053,10.69,1.607,13.21
원천천_하류(대황교),7.79,1.7,4.333333333333319,6.355,0.0452,2020-04-01,5.351,9.95,0.323,24.0
원천천_하류(대황교),7.37,1.2,11.2,4.31,0.104,2020-05-01,5.0,9.31,0.379,29.8
원천천_하류(대황교),7.99,0.996,9.25000000000002,4.928,0.0385,2020-06-01,4.1812,7.23,0.363,30.2
원천천_하류(대황교),8.1,1.1,3.0,6.134,0.003,2020-07-01,2.7,6.0,1.505,23.3
원천천_하류(대황교),7.7,1.0559999999999998,2.3999999999999853,5.34,0.0626,2020-08-01,2.507,6.53,2.57,29.7
원천천_하류(대황교),7.8,0.3,2.000000000000011,4.282,0.0473,2020-09-01,2.5,8.34,0.271,28.0
원천천_하류(대황교),7.48,0.4,2.200000000000008,3.947,0.0406,2020-10-01,3.5342,7.71,0.313,27.7
원천천_하류(대황교),7.41,1.0,2.799999999999997,7.446000000000001,0.0701,2020-11-01,4.731,8.2,0.334,21.0
원천천_하류(대황교),7.11,0.8,2.400000000000013,5.9595,0.06,2020-12-01,3.887,6.69,0.314,10.7
황구지천_상류(당수교),8.8,8.6,19.2,5.252,0.158,2020-01-01,6.5,13.2,0.496,3.1
황구지천_상류(당수교),7.67,8.292,18.5,3.2144,0.0972,2020-02-01,10.872,10.44,0.591,10.6
황구지천_상류(당수교),6.99,5.9,20.000000000000018,3.0149,0.073,2020-03-01,8.71898,12.11,0.533,9.66
황구지천_상류(당수교),8.14,2.5,13.3333333333333,2.945,0.0939,2020-04-01,6.484,9.05,0.568,11.6
황구지천_상류(당수교),8.88,2.8,10.0,2.78,0.187,2020-05-01,9.4,7.23,0.2895,18.5
황구지천_상류(당수교),9.65,2.748,17.0,2.1149,0.0833,2020-06-01,12.61,5.44,0.458,21.7
황구지천_상류(당수교),7.6,2.6,9.0,2.2154,0.1644,2020-07-01,5.9,6.7,0.466,21.1
황구지천_상류(당수교),9.2,0.9599999999999996,9.000000000000014,5.393,0.1191,2020-08-01,2.429,6.1,0.619,23.8
황구지천_상류(당수교),7.93,4.2,17.33333333333332,2.2354,0.0792,2020-09-01,8.037,7.4,0.347,24.8
황구지천_상류(당수교),7.23,0.7,3.200000000000008,4.7170000000000005,0.0999,2020-10-01,3.41481,6.95,0.55,15.5
황구지천_상류(당수교),7.25,6.2,18.39999999999997,2.5334,0.0559,2020-11-01,8.5413,7.3,0.415,14.6
황구지천_상류(당수교),7.64,6.498000000000001,13.333333333333345,3.002,0.0529,2020-12-01,6.7963,5.76,0.409,6.2
서호천_중류(한마루교),8.5,1.7,2.4,7.389,0.061,2020-01-01,4.6,14.1,0.719,10.1
서호천_중류(한마루교),7.63,1.4759999999999995,4.3,6.59,0.0291,2020-02-01,5.039,7.79,0.441,13.7
서호천_중류(한마루교),7.7,2.2,3.4999999999999614,7.346,0.036,2020-03-01,7.4666,12.46,0.487,9.33
서호천_중류(한마루교),8.1,2.9,14.399999999999968,7.766,0.0663,2020-04-01,7.27,9.8,0.743,14.6
서호천_중류(한마루교),9.74,2.1,19.2,6.97,0.105,2020-05-01,6.6,7.44,0.753,23.3
서호천_중류(한마루교),9.002,1.3800000000000006,3.200000000000008,8.997,0.0886,2020-06-01,5.8603000000000005,7.96,0.628,24.9
서호천_중류(한마루교),8.1,1.8,3.4,6.859,0.0844,2020-07-01,4.2,6.5,0.471,26.0
서호천_중류(한마루교),8.1,0.6720000000000006,1.2000000000000066,4.77,0.0746,2020-08-01,2.742,6.84,0.459,28.4
서호천_중류(한마루교),8.41,0.6,2.3999999999999853,5.547,0.0962,2020-09-01,2.894,8.71,0.504,23.7
서호천_중류(한마루교),8.64,0.6,2.0000000000000018,7.301,0.081,2020-10-01,4.19107,10.62,0.571,21.4
서호천_중류(한마루교),7.88,1.4,4.200000000000009,6.0440000000000005,0.1005,2020-11-01,7.140000000000001,9.64,0.887,16.4
서호천_중류(한마루교),7.65,2.4,8.000000000000007,5.135,0.1122,2020-12-01,6.933999999999999,5.15,1.022,9.7
여천,6.9,1.2,2.2,1.38,0.023,2020-01-01,1.9,12.7,0.541,2.1
여천,6.8,1.2840000000000005,1.5,1.1459,0.0458,2020-02-01,2.3202,10.27,0.6,7.7
여천,8.12,1.4,1.749999999999981,0.9723,0.013,2020-03-01,2.756,12.66,0.624,7.65
여천,7.05,1.0,5.599999999999994,0.5749,0.0218,2020-04-01,3.4040000000000004,9.85,0.534,14.2
여천,7.75,1.0,10.8,0.76,0.052,2020-05-01,3.9,7.48,0.578,21.0
여천,8.46,0.6960000000000001,3.799999999999998,0.488,0.0207,2020-06-01,2.8400000000000003,8.32,0.551,22.6
여천,8.2,0.8,3.4,0.8157,0.1115,2020-07-01,1.6,7.3,0.34,23.5
여천,8.1,0.5039999999999999,1.4666666666666714,1.3059,0.0559,2020-08-01,1.667,7.96,0.366,24.7
여천,7.92,0.3,2.9333333333333247,1.0148,0.0422,2020-09-01,2.3325,6.99,0.435,21.6
여천,7.91,0.3,1.4666666666666532,0.6306,0.0386,2020-10-01,2.2960000000000003,9.05,0.445,18.4
여천,7.84,0.6,0.7999999999999952,0.9623,0.0315,2020-11-01,3.015,9.2,0.471,10.3
여천,6.63,0.8,0.8000000000000044,0.9873,0.0194,2020-12-01,2.499,6.01,0.459,8.3
황구지천_하류(기안교),8.5,8.1,24.8,5.024,0.176,2020-01-01,6.1,13.2,0.541,3.6
황구지천_하류(기안교),7.78,3.8,13.8,3.421,0.1086,2020-02-01,5.9495000000000005,12.01,0.91,12.4
황구지천_하류(기안교),7.4,3.6,13.999999999999986,4.1822,0.098,2020-03-01,6.143,10.73,0.854,11.2
황구지천_하류(기안교),7.75,3.0,22.99999999999996,3.739,0.0745,2020-04-01,5.428,11.54,0.606,16.1
황구지천_하류(기안교),8.3,7.5,18.0,2.86,0.145,2020-05-01,10.5,11.1,0.6061,22.5
황구지천_하류(기안교),8.18,4.1,13.0,1.759,0.103,2020-06-01,8.875,6.35,0.664,20.8
황구지천_하류(기안교),8.0,3.4,14.4,2.1853,0.1188,2020-07-01,6.2,6.3,0.208,23.3
황구지천_하류(기안교),8.6,2.0,7.199999999999984,2.9821,0.1302,2020-08-01,3.89,6.21,0.396,28.0
황구지천_하류(기안교),7.48,2.3,11.999999999999972,3.883,0.1042,2020-09-01,4.55,6.45,0.36,23.8
황구지천_하류(기안교),7.14,1.3,4.399999999999987,4.522,0.1221,2020-10-01,4.09181,9.24,0.45,17.0
황구지천_하류(기안교),7.35,4.6,11.999999999999982,3.0735,0.0919,2020-11-01,7.148499999999999,9.5,0.442,11.8
황구지천_하류(기안교),6.9,5.8,9.99999999999998,3.747,0.0592,2020-12-01,6.22133,7.02,0.552,7.2
서호천_하류(농대교),7.8,3.5,14.8,7.087,0.092,2020-01-01,4.5,12.5,0.611,5.1
서호천_하류(농대교),7.7,7.7,15.500000000000028,6.375,0.0829,2020-02-01,7.365000000000001,8.84,0.572,13.6
서호천_하류(농대교),7.1,4.2,12.999999999999956,6.5280000000000005,0.057,2020-03-01,6.407,10.89,0.588,11.23
서호천_하류(농대교),8.37,3.1,18.99999999999999,6.931000000000001,0.0666,2020-04-01,10.73,10.94,0.556,17.2
서호천_하류(농대교),9.7,7.5,31.0,6.25,0.113,2020-05-01,11.4,8.32,0.3362,23.1
서호천_하류(농대교),8.95,5.712,38.5,5.241,0.4232,2020-06-01,11.15458,7.55,0.244,25.3
서호천_하류(농대교),8.3,5.5,17.0,4.452999999999999,0.1275,2020-07-01,6.2,6.5,0.412,26.0
서호천_하류(농대교),7.5,12.939999999999998,23.599999999999955,4.3945,0.1531,2020-08-01,11.644,6.11,0.367,29.1
서호천_하류(농대교),8.23,4.0,17.99999999999999,4.504,0.0742,2020-09-01,5.329,8.77,0.396,23.8
서호천_하류(농대교),9.08,6.9,32.000000000000014,5.875,0.1098,2020-10-01,10.0052,10.95,0.443,20.1
서호천_하류(농대교),7.65,5.2,27.200000000000003,7.640000000000001,0.0841,2020-11-01,10.647,9.2,0.539,15.8
서호천_하류(농대교),7.26,4.5,14.499999999999998,7.037,0.0539,2020-12-01,7.3846,6.23,0.541,7.0
가산천,7.6,1.1,1.2,4.363,0.033,2020-01-01,1.7,13.4,0.405,-0.1
가산천,7.78,1.248000000000001,2.7,4.2111,0.0789,2020-02-01,1.864,12.65,1.438,7.5
가산천,7.6,1.1,6.999999999999969,2.8393,0.033,2020-03-01,2.73,11.31,1.254,9.97
가산천,8.14,0.9,5.000000000000004,3.3760000000000003,0.0277,2020-04-01,2.683,11.05,0.395,16.6
가산천,8.54,1.0,11.0,6.49,0.058,2020-05-01,5.8,6.11,0.566,24.0
가산천,8.33,0.996,27.0,8.238,0.0899,2020-06-01,4.963,6.66,0.528,27.9
가산천,7.7,0.7,4.6,6.6690000000000005,0.0438,2020-07-01,2.2,7.8,0.268,23.6
가산천,7.9,0.7,1.7333333333333274,1.5661,0.0355,2020-08-01,1.555,8.55,0.254,25.9
가산천,8.2,0.5,1.777777777777767,2.76,0.045,2020-09-01,2.201,5.15,0.344,22.3
가산천,8.38,0.5,2.266666666666676,3.33,0.0451,2020-10-01,3.1306000000000003,8.57,0.379,19.7
가산천,7.87,1.4,5.20000000000001,6.7090000000000005,0.0518,2020-11-01,4.978999999999999,9.1,0.41,12.7
가산천,6.81,1.4,1.8666666666666647,4.9,0.0124,2020-12-01,2.14,6.52,0.379,7.6
원천천_중류(백년교),7.7,2.5,4.9,4.758,0.07,2020-01-01,3.9,11.2,0.654,9.1
원천천_중류(백년교),7.28,3.648000000000001,7.3,4.477,0.079,2020-02-01,6.128,11.32,0.617,15.6
원천천_중류(백년교),7.2,1.8,3.999999999999976,4.5435,0.052,2020-03-01,5.0499,12.77,0.604,14.01
원천천_중류(백년교),7.99,2.3,11.666666666666677,3.64,0.0366,2020-04-01,4.565,9.01,0.623,18.0
원천천_중류(백년교),7.46,1.3,5.0,3.92,0.101,2020-05-01,5.2,6.5,0.8701,22.7
원천천_중류(백년교),8.34,1.1880000000000002,4.000000000000004,3.186,0.3077,2020-06-01,4.548100000000001,7.21,0.623,24.3
원천천_중류(백년교),8.3,1.4,4.4,3.559,0.0081,2020-07-01,3.0,6.9,0.274,23.2
원천천_중류(백년교),7.9,1.1279999999999992,3.599999999999992,2.1241,0.0795,2020-08-01,2.74,6.71,0.402,26.8
원천천_중류(백년교),7.7,0.8,2.133333333333338,2.4222,0.0673,2020-09-01,2.546,8.09,0.452,24.6
원천천_중류(백년교),7.7,1.4,3.7333333333333294,2.464,0.0669,2020-10-01,4.162839999999999,8.09,0.554,20.7
원천천_중류(백년교),7.68,1.9,6.800000000000001,3.6381,0.1392,2020-11-01,4.906,8.62,0.589,10.6
원천천_중류(백년교),7.06,1.8,1.799999999999996,4.6625,0.0425,2020-12-01,4.620699999999999,6.16,0.609,9.9
원천천_상류(원천교),7.4,2.7,4.0,4.826,0.066,2020-01-01,3.8,11.1,0.551,7.7
원천천_상류(원천교),7.73,4.656000000000001,5.0,4.0354,0.1025,2020-02-01,4.71071,9.48,0.668,12.0
원천천_상류(원천교),7.6,1.9,4.000000000000045,5.484,0.044,2020-03-01,5.4598,13.01,0.678,8.46
원천천_상류(원천교),7.31,2.0,7.800000000000002,4.123,0.0385,2020-04-01,4.724,8.87,0.841,17.7
원천천_상류(원천교),7.42,2.1,13.2,4.33,0.055,2020-05-01,5.7,7.16,0.6072,23.6
원천천_상류(원천교),8.18,1.5839999999999994,5.250000000000012,3.6020000000000003,0.0471,2020-06-01,5.0146,8.75,0.591,22.9
원천천_상류(원천교),8.3,1.6,6.6,3.977,0.0819,2020-07-01,3.0,6.8,0.1822,23.1
원천천_상류(원천교),7.4,1.344,5.999999999999978,2.2627,0.0482,2020-08-01,2.239,6.88,0.352,25.8
원천천_상류(원천교),7.47,0.9,5.20000000000001,2.2939,0.0344,2020-09-01,2.879,7.36,0.352,23.8
원천천_상류(원천교),7.71,1.0,5.400000000000016,2.0951,0.0396,2020-10-01,3.4929999999999994,7.95,0.407,21.1
원천천_상류(원천교),7.54,1.5,3.0000000000000027,5.995,0.0708,2020-11-01,5.8922,8.2,0.457,16.1
원천천_상류(원천교),6.64,1.4,4.999999999999977,6.016,0.0464,2020-12-01,4.9326,6.87,0.46,10.7
영화천,7.7,1.5,5.3,7.231,0.055,2020-01-01,3.6,10.5,0.489,8.2
영화천,7.62,1.3440000000000012,8.3,6.479,0.0728,2020-02-01,5.254,8.14,0.424,13.7
영화천,7.9,1.1,12.50000000000001,7.622999999999999,0.027,2020-03-01,4.494,11.52,0.511,10.32
영화천,8.28,0.6,7.999999999999998,7.564,0.0817,2020-04-01,5.584,10.43,0.496,18.5
영화천,9.25,1.5,12.0,6.96,0.103,2020-05-01,5.7,6.82,0.2931,22.7
영화천,8.08,1.1759999999999995,7.599999999999996,6.768999999999999,0.2081,2020-06-01,5.1055,7.59,0.471,24.4
영화천,8.1,1.9,7.4,5.907,0.0521,2020-07-01,3.6,7.0,0.54,26.0
영화천,7.4,1.560000000000001,1.999999999999988,4.85,0.0964,2020-08-01,3.64,5.84,0.368,29.1
영화천,8.48,1.1,8.599999999999996,5.709999999999999,0.1004,2020-09-01,3.33,6.84,0.399,24.1
영화천,7.37,1.1,3.200000000000008,6.601,0.0615,2020-10-01,5.056719999999999,8.53,0.443,20.8
영화천,7.4,0.4,1.3999999999999846,9.93,0.0503,2020-11-01,4.243,8.8,0.517,16.3
영화천,7.89,1.2,4.799999999999999,8.5725,0.0423,2020-12-01,4.610200000000001,4.1,0.439,9.9
황구지천_중류(오목천교),8.7,8.0,20.8,4.733,0.157,2020-01-01,6.6,13.6,0.539,3.8
황구지천_중류(오목천교),7.62,6.120000000000001,12.4,3.3779,0.0747,2020-02-01,7.4355,11.96,0.622,12.6
황구지천_중류(오목천교),7.2,2.5,10.000000000000009,4.5118,0.072,2020-03-01,5.417,10.99,0.449,12.07
황구지천_중류(오목천교),7.34,3.3,7.999999999999998,3.398,0.0818,2020-04-01,6.185,9.75,0.511,15.3
황구지천_중류(오목천교),7.76,3.8,13.6,3.52,0.177,2020-05-01,9.4,8.29,0.637,21.3
황구지천_중류(오목천교),7.27,3.4199999999999995,18.500000000000043,1.5312,0.1015,2020-06-01,8.834,6.78,0.245,26.0
황구지천_중류(오목천교),7.8,2.6,15.6,1.5411,0.1188,2020-07-01,5.2,6.1,0.269,23.7
황구지천_중류(오목천교),8.2,1.6800000000000004,8.750000000000007,3.6771,0.16,2020-08-01,3.2903,5.73,0.4,27.3
황구지천_중류(오목천교),8.15,3.2,21.5,3.157,0.1208,2020-09-01,3.641,8.04,0.353,23.6
황구지천_중류(오목천교),7.59,1.0,8.200000000000014,5.295999999999999,0.1223,2020-10-01,3.60194,9.63,0.422,19.0
황구지천_중류(오목천교),7.68,4.5,10.399999999999965,3.1988,0.0727,2020-11-01,7.0973,9.9,0.414,11.9
황구지천_중류(오목천교),7.17,5.718,18.000000000000007,4.039,0.0664,2020-12-01,6.0717,10.75,0.426,6.8
일월저수지_유하후,7.2,1.4,2.9,7.13,0.039,2020-01-01,4.1,10.4,0.543,13.1
일월저수지_유하후,7.98,1.0439999999999992,2.6666666666666967,7.885,0.0267,2020-02-01,5.3229,8.26,0.587,14.1
일월저수지_유하후,8.1,0.9,1.0000000000000286,8.431999999999999,0.028,2020-03-01,4.626,11.21,0.498,12.03
일월저수지_유하후,8.0,0.3,2.19999999999998,9.389,0.0576,2020-04-01,4.886,9.14,0.524,18.9
일월저수지_유하후,7.631,0.8,2.8,7.84,0.107,2020-05-01,5.0,8.66,0.4243,24.1
일월저수지_유하후,6.12,1.14,10.000000000000009,7.55,0.0586,2020-06-01,5.33,6.68,0.531,25.6
일월저수지_유하후,7.9,1.1,6.8,8.715,0.1596,2020-07-01,3.2,6.5,0.522,24.9
일월저수지_유하후,6.8,0.4800000000000005,2.799999999999997,7.24,0.0727,2020-08-01,3.2517,5.88,0.486,25.8
일월저수지_유하후,8.2,0.2,2.133333333333338,9.538,0.0768,2020-09-01,3.37,6.86,0.474,24.1
일월저수지_유하후,7.1,0.4,1.799999999999996,8.219,0.0636,2020-10-01,4.4871,8.27,0.503,22.8
일월저수지_유하후,7.22,0.5,2.200000000000008,8.928,0.044,2020-11-01,4.7131,8.5,0.641,10.6
일월저수지_유하후,7.3,1.3,3.666666666666679,7.7305,0.0328,2020-12-01,4.696,5.35,0.445,6.8
왕송저수지_유하후,8.7,8.7,16.4,5.293,0.152,2020-01-01,6.4,13.2,0.505,3.1
왕송저수지_유하후,7.34,7.571999999999998,17.500000000000014,3.2433,0.0656,2020-02-01,10.8757,9.75,0.548,8.6
왕송저수지_유하후,7.2,7.5,17.99999999999996,2.8236,0.047,2020-03-01,8.651,10.65,0.538,8.14
왕송저수지_유하후,8.2,3.8,10.000000000000009,2.372,0.0869,2020-04-01,7.433,9.69,0.558,15.5
왕송저수지_유하후,7.7,6.0,61.0,1.38,0.251,2020-05-01,6.8,8.35,0.1624,20.3
왕송저수지_유하후,8.72,3.132000000000001,8.399999999999963,1.0326,0.0421,2020-06-01,6.84091,8.19,0.226,22.6
왕송저수지_유하후,7.8,5.5,22.0,1.0897,0.1091,2020-07-01,6.7,7.4,0.392,23.0
왕송저수지_유하후,9.3,4.727999999999999,15.199999999999992,1.9319,0.0898,2020-08-01,6.039,7.94,0.252,27.6
왕송저수지_유하후,8.24,5.2,18.666666666666647,1.7213,0.0877,2020-09-01,9.046,8.72,0.346,25.2
왕송저수지_유하후,9.13,5.1,12.333333333333362,1.7841,0.0483,2020-10-01,8.12819,11.03,0.244,21.2
왕송저수지_유하후,8.78,7.7,21.60000000000001,2.4278,0.058,2020-11-01,10.1,10.6,0.407,14.5
왕송저수지_유하후,7.21,6.114000000000001,16.500000000000057,2.456,0.0468,2020-12-01,6.559,5.33,0.403,7.0
호매실천,7.6,1.3,2.6,6.701,0.048,2020-01-01,1.8,13.1,0.37,2.5
호매실천,7.85,1.4880000000000002,3.333333333333336,3.2265,0.0515,2020-02-01,4.144,9.55,0.642,13.2
호매실천,8.3,1.7,1.999999999999965,3.8324,0.049,2020-03-01,2.948,11.84,0.379,9.66
호매실천,8.1,1.6,9.599999999999998,1.0966,0.069,2020-04-01,4.71,10.78,0.323,16.2
호매실천,7.9,1.4,12.0,0.9,0.138,2020-05-01,6.5,7.59,0.3625,21.2
호매실천,7.31,1.2360000000000002,6.000000000000005,1.0679,0.0842,2020-06-01,8.679,5.67,0.455,26.5
호매실천,8.0,1.0,3.0,1.2355,0.0632,2020-07-01,3.0,6.4,0.569,22.9
호매실천,7.5,0.6840000000000004,51.74999999999999,4.2243,0.1023,2020-08-01,2.3727,5.7,0.314,25.0
호매실천,8.37,0.2,10.599999999999998,3.402,0.0711,2020-09-01,1.32,7.24,0.339,21.7
호매실천,7.86,0.2,3.866666666666666,3.815,0.0512,2020-10-01,2.17543,8.43,0.365,17.0
호매실천,7.89,0.4,1.5999999999999903,2.2853,0.0307,2020-11-01,3.5976,9.0,0.387,10.5
호매실천,7.03,1.3,1.2000000000000066,2.2154,0.016,2020-12-01,1.7010999999999998,5.38,0.412,6.8
서호천_상류(배다리교),7.2,1.4,6.2,8.628,0.058,2020-01-01,3.9,9.7,0.536,12.4
서호천_상류(배다리교),7.98,1.2240000000000015,2.7,8.611,0.0583,2020-02-01,5.470000000000001,8.6,0.541,13.7
서호천_상류(배다리교),7.4,0.7,3.0000000000000164,7.754,0.028,2020-03-01,5.1014,12.48,0.502,9.54
서호천_상류(배다리교),8.49,0.5,4.000000000000004,10.202,0.0665,2020-04-01,5.635,9.96,0.527,18.3
서호천_상류(배다리교),9.353,0.7,2.0,9.68,0.053,2020-05-01,5.2,6.54,0.4614,20.8
서호천_상류(배다리교),7.48,0.5280000000000016,2.19999999999998,9.783,0.0337,2020-06-01,4.784199999999999,7.54,0.519,22.4
서호천_상류(배다리교),7.6,0.9,2.2,8.484,0.0071,2020-07-01,3.2,6.6,0.513,26.2
서호천_상류(배다리교),7.3,0.3840000000000003,1.42857142857143,6.652,0.0492,2020-08-01,2.565,6.61,0.443,25.7
서호천_상류(배다리교),8.11,0.3,1.142857142857136,6.65,0.0779,2020-09-01,2.529,7.84,0.236,24.3
서호천_상류(배다리교),7.71,0.4,2.400000000000013,7.015000000000001,0.0497,2020-10-01,4.2097,8.22,0.52,21.8
서호천_상류(배다리교),7.3,0.6,0.3999999999999559,9.35,0.0384,2020-11-01,4.584,8.4,0.475,16.6
서호천_상류(배다리교),7.84,0.7,1.799999999999996,8.39,0.0349,2020-12-01,4.2961,5.48,0.491,7.2
황구지천_상류(금곡교),8.8,8.3,22.4,6.032,0.163,2020-01-01,6.1,13.0,0.539,4.1
황구지천_상류(금곡교),7.74,3.6359999999999992,5.999999999999987,3.2434,0.0517,2020-02-01,4.5443,11.56,0.45,12.5
황구지천_상류(금곡교),7.4,3.6,6.000000000000033,4.042,0.051,2020-03-01,5.111,12.04,0.472,13.45
황구지천_상류(금곡교),7.7,1.7,10.333333333333306,3.281,0.0758,2020-04-01,4.214,11.24,0.49,16.3
황구지천_상류(금곡교),7.31,1.8,16.6,2.98,0.135,2020-05-01,8.3,8.13,0.6241,20.3
황구지천_상류(금곡교),6.93,2.196,13.6,1.6315,0.0964,2020-06-01,7.555,6.98,0.46,24.1
황구지천_상류(금곡교),8.0,2.2,28.4,3.556,0.1271,2020-07-01,5.0,6.4,0.358,23.8
황구지천_상류(금곡교),7.9,1.0199999999999996,6.000000000000005,3.8714,0.0811,2020-08-01,2.9568000000000003,6.23,0.394,26.9
황구지천_상류(금곡교),7.16,3.4,15.199999999999992,2.82,0.0717,2020-09-01,4.164,7.63,0.343,22.7
황구지천_상류(금곡교),7.33,0.5,2.266666666666676,5.905,0.0661,2020-10-01,3.0234,9.26,0.444,18.6
황구지천_상류(금곡교),7.21,5.1,13.200000000000044,3.1402,0.054,2020-11-01,8.2836,9.2,0.42,15.0
황구지천_상류(금곡교),7.7,4.1,7.6666666666666545,4.248,0.0415,2020-12-01,5.237,8.26,0.432,7.6
상현레스피아방류구,6.9,4.4,3.3,7.414,0.052,2020-01-01,3.9,8.2,0.596,12.8
상현레스피아방류구,7.12,3.288000000000001,3.4999999999999964,7.019,0.0385,2020-02-01,4.271,6.8,0.585,18.7
상현레스피아방류구,7.0,1.9,1.3333333333333253,11.223,0.029,2020-03-01,6.477,11.21,0.557,9.56
상현레스피아방류구,7.82,3.1,3.799999999999998,9.124,0.0335,2020-04-01,6.299,6.9,0.494,19.9
상현레스피아방류구,7.18,2.0,5.4,8.89,0.031,2020-05-01,5.8,6.92,0.5653,24.1
상현레스피아방류구,8.39,1.0800000000000003,2.799999999999997,2.895,0.0176,2020-06-01,3.217,7.91,0.462,25.1
상현레스피아방류구,8.2,0.9,1.6,6.73,0.0342,2020-07-01,2.5,7.4,0.251,23.3
상현레스피아방류구,7.5,2.435999999999999,4.1999999999999815,5.591,0.0192,2020-08-01,3.581,8.59,0.414,28.3
상현레스피아방류구,7.72,1.2,2.3999999999999946,1.8168,0.0313,2020-09-01,3.3069999999999995,6.93,0.346,24.0
상현레스피아방류구,7.0,0.3,0.6666666666666673,1.6808,0.0419,2020-10-01,3.456,6.67,0.824,21.3
상현레스피아방류구,7.12,0.6,1.799999999999996,1.8737,0.0286,2020-11-01,5.560000000000002,7.1,0.762,14.0
상현레스피아방류구,6.76,0.5,1.0666666666666602,8.3555,0.0249,2020-12-01,4.888999999999999,4.23,0.458,15.5
서호천_하류(중보교합류),7.9,3.7,10.0,6.598,0.084,2020-01-01,4.2,12.6,0.608,6.5
서호천_하류(중보교합류),7.75,6.372000000000001,24.0,6.351,0.1037,2020-02-01,7.435,9.07,0.573,14.5
서호천_하류(중보교합류),7.6,4.3,18.99999999999999,5.396,0.054,2020-03-01,4.8499,11.23,0.558,8.22
서호천_하류(중보교합류),8.97,2.5,21.00000000000005,6.483,0.0748,2020-04-01,8.858,9.45,0.546,17.6
서호천_하류(중보교합류),9.21,7.2,26.0,5.72,0.111,2020-05-01,10.8,8.01,0.4878,22.7
서호천_하류(중보교합류),9.01,5.508,20.499999999999964,5.423,0.3232,2020-06-01,9.22767,7.27,0.466,26.8
서호천_하류(중보교합류),8.2,3.3,8.8,3.774,0.0959,2020-07-01,4.1,6.4,0.243,25.5
서호천_하류(중보교합류),7.7,10.5,19.500000000000004,3.332,0.1061,2020-08-01,8.876000000000001,6.31,0.405,28.4
서호천_하류(중보교합류),8.46,4.1,13.428571428571416,4.424,0.0772,2020-09-01,5.627,8.93,0.39,23.7
서호천_하류(중보교합류),8.97,5.6,29.0,5.617999999999999,0.1013,2020-10-01,9.69982,10.21,0.449,20.3
서호천_하류(중보교합류),8.32,3.9,20.399999999999974,6.395999999999999,0.0668,2020-11-01,8.418199999999999,9.8,0.539,11.9
서호천_하류(중보교합류),6.82,4.8,14.499999999999998,6.53,0.0528,2020-12-01,6.3041,6.54,0.538,6.9
수원천_상류(연화교),7.0,1.0,20.8,4.27,0.067,2020-01-01,2.1,12.5,0.38,0.2
수원천_상류(연화교),7.31,1.0800000000000003,6.5,2.7175,0.0483,2020-02-01,1.852,8.89,0.309,11.8
수원천_상류(연화교),7.4,1.4,0.9999999999999823,3.0676,0.02,2020-03-01,2.604,10.44,0.297,13.1
수원천_상류(연화교),7.28,0.9,2.0000000000000018,2.945,0.0116,2020-04-01,3.0117000000000003,10.16,0.789,15.0
수원천_상류(연화교),7.77,1.2,5.4,1.85,0.031,2020-05-01,2.2,6.42,0.3639,24.6
수원천_상류(연화교),8.31,0.9119999999999998,6.3,1.6512,0.0309,2020-06-01,4.055999999999999,6.84,0.57,25.9
수원천_상류(연화교),7.4,1.2,13.2,2.2321,0.0566,2020-07-01,1.5,6.9,0.21,23.0
수원천_상류(연화교),8.1,2.3,9.99999999999998,2.0815,0.1107,2020-08-01,3.765,6.13,0.1003,22.7
수원천_상류(연화교),7.43,0.4,4.933333333333327,1.7554,0.0495,2020-09-01,1.847,7.79,0.0953,21.6
수원천_상류(연화교),7.39,0.7,1.894736842105259,1.5346,0.04,2020-10-01,2.6419,8.0,0.1911,21.1
수원천_상류(연화교),7.22,0.5900000000000013,2.19999999999998,1.8005,0.0233,2020-11-01,2.583,8.73,0.1636,9.3
수원천_상류(연화교),6.72,0.5,1.3333333333333346,2.2083,0.0111,2020-12-01,2.435,5.23,0.213,9.4
쇠죽골천,6.7,1.2,0.7,1.308,0.029,2020-01-01,1.8,13.7,0.42,0.7
쇠죽골천,7.12,1.4400000000000013,4.3,1.2987,0.0587,2020-02-01,1.373,8.67,0.728,8.8
쇠죽골천,7.6,1.2,4.000000000000022,1.1796,0.027,2020-03-01,3.2790000000000004,12.07,0.708,9.4
쇠죽골천,6.98,2.5,15.600000000000003,0.7004,0.0439,2020-04-01,4.22028,9.13,0.529,16.7
쇠죽골천,7.9,1.6,12.0,0.88,0.089,2020-05-01,4.0,6.52,0.5223,22.7
쇠죽골천,8.68,0.9359999999999992,4.399999999999987,0.5641,0.0427,2020-06-01,3.611,6.58,0.1577,24.5
쇠죽골천,8.2,0.7,5.8,0.7952,0.0835,2020-07-01,1.4,6.6,0.132,23.4
쇠죽골천,8.2,0.5279999999999995,1.4666666666666714,0.9079,0.0484,2020-08-01,1.607,8.02,0.1596,24.2
쇠죽골천,8.31,0.2,1.733333333333346,0.8449,0.0508,2020-09-01,1.893,7.07,0.229,21.3
쇠죽골천,8.34,0.4,0.6666666666666673,0.6214,0.0479,2020-10-01,1.944,8.47,0.281,19.1
쇠죽골천,7.98,0.2,0.1999999999999779,1.1974,0.0363,2020-11-01,2.883,8.7,0.363,9.8
쇠죽골천,6.67,0.4,0.2666666666666743,1.1675,0.0224,2020-12-01,2.263,5.59,0.368,8.6
수원천_하류(새터교),7.8,1.0,0.9,7.188,0.018,2020-01-01,1.4,13.8,0.641,4.3
수원천_하류(새터교),7.47,1.9,5.3,6.283,0.0353,2020-02-01,2.179,8.27,0.491,12.8
수원천_하류(새터교),7.6,1.3,2.0000000000000573,5.537999999999999,0.013,2020-03-01,2.863,12.03,0.475,10.6
수원천_하류(새터교),7.98,1.5,7.000000000000015,5.688,0.0202,2020-04-01,3.5766,14.28,0.502,16.7
수원천_하류(새터교),8.46,1.5,13.2,3.72,0.046,2020-05-01,4.0,8.87,0.335,22.1
수원천_하류(새터교),7.36,1.596,11.6,4.194,0.0429,2020-06-01,2.328,7.85,0.53,24.9
수원천_하류(새터교),8.0,1.1,4.4,4.223,0.0665,2020-07-01,0.8,7.4,0.461,26.1
수원천_하류(새터교),7.5,0.8039999999999999,6.500000000000012,2.579,0.1096,2020-08-01,3.662,5.13,0.1416,24.4
수원천_하류(새터교),8.44,0.9,8.000000000000007,2.615,0.0692,2020-09-01,2.147,7.69,0.1867,22.4
수원천_하류(새터교),8.06,0.5,2.133333333333338,3.446,0.073,2020-10-01,2.5036,10.04,0.372,18.0
수원천_하류(새터교),8.02,0.8,1.0000000000000009,3.8231,0.031,2020-11-01,2.99,9.09,0.335,10.7
수원천_하류(새터교),7.13,0.6,1.0666666666666786,5.255999999999999,0.0189,2020-12-01,1.879,9.51,0.412,9.2
서호천_중류(화산교),8.0,1.8,7.1,6.957,0.064,2020-01-01,4.5,11.9,0.695,6.4
서호천_중류(화산교),7.63,3.6,8.5,3.5858,0.0923,2020-02-01,6.877000000000001,8.72,0.57,13.8
서호천_중류(화산교),8.01,1.5,9.000000000000119,9.12,0.037,2020-03-01,5.387,11.09,0.588,10.45
서호천_중류(화산교),8.27,2.6,16.666666666666682,6.879999999999999,0.0772,2020-04-01,8.678,11.24,0.715,17.7
서호천_중류(화산교),9.8,2.6,20.3,6.19,0.107,2020-05-01,6.9,7.37,0.5624,22.5
서호천_중류(화산교),8.45,1.6800000000000004,20.0,7.698,0.1158,2020-06-01,4.191,6.82,0.597,25.3
서호천_중류(화산교),8.0,2.3,21.4,6.477,0.0277,2020-07-01,5.2,6.3,0.558,26.1
서호천_중류(화산교),7.3,0.9599999999999989,3.799999999999998,4.425,0.0855,2020-08-01,3.4040000000000004,5.2,0.431,28.1
서호천_중류(화산교),8.17,0.8,16.400000000000027,4.636,0.0983,2020-09-01,2.749,7.88,0.477,23.5
서호천_중류(화산교),8.03,1.2,4.5999999999999925,6.574,0.0816,2020-10-01,4.779,8.29,0.646,19.3
서호천_중류(화산교),7.89,1.0,1.799999999999996,7.295,0.0659,2020-11-01,5.473,9.02,0.684,11.7
서호천_중류(화산교),7.42,1.4,3.799999999999998,6.671,0.0675,2020-12-01,5.65,5.56,0.786,9.5
서호천_상류(앞),7.6,1.1,4.7,7.833,0.039,2020-01-01,3.7,10.7,0.557,11.3
서호천_상류(앞),7.62,1.3319999999999994,1.0,7.043,0.0537,2020-02-01,4.659,7.84,0.506,14.3
서호천_상류(앞),7.7,0.7,3.0000000000000164,8.183,0.018,2020-03-01,4.5733,13.01,0.531,8.56
서호천_상류(앞),8.45,0.3,3.333333333333336,9.224,0.0509,2020-04-01,5.56,7.98,0.524,18.8
서호천_상류(앞),8.38,0.9,2.4,7.93,0.051,2020-05-01,5.5,7.04,0.3115,21.5
서호천_상류(앞),8.309,0.5279999999999995,1.250000000000001,8.626000000000001,0.0262,2020-06-01,4.6751000000000005,8.12,0.519,23.1
서호천_상류(앞),8.0,0.9,2.2,8.288,0.0118,2020-07-01,2.9,6.9,0.5,26.1
서호천_상류(앞),7.3,0.4200000000000017,0.999999999999994,5.923,0.0487,2020-08-01,2.8430000000000004,6.85,0.424,27.1
서호천_상류(앞),8.23,0.3,3.0000000000000027,6.833,0.0718,2020-09-01,2.598,7.91,0.427,24.0
서호천_상류(앞),8.12,0.4,2.333333333333354,6.818999999999999,0.0433,2020-10-01,4.1314,8.61,0.504,21.3
서호천_상류(앞),7.31,0.6,1.6000000000000458,8.284,0.0388,2020-11-01,4.49,8.0,0.473,15.5
서호천_상류(앞),8.01,0.6,1.2000000000000344,9.2765,0.0862,2020-12-01,4.0332,4.27,0.514,11.7
